"","repo_name","path"
"1","0averyan/patterns","Alive_1-Dead_12-Zombie_1-Dead"
"2","1franck/wp-plugme","Alive_4-Dead_4-Alive_4-Dead"
"3","abhishekghosh/wordpress-custom-php-snippet-manager","Alive_1-Dead"
"4","abhishekghosh/wordpress-genesis-html-sitemap","Alive_1-Dead"
"5","affilicious/affilicious","Alive_24-Dead_3-Alive_24-Dead"
"6","affilinet/wordpress-plugin","Alive_1-Dead_2-Alive_2-Dead_2-Alive_2-Dead_9-Zombie_2-Dead_6-Zombie_2-Alive_1-Zombie_1-Alive_1-Dead"
"7","ahmedkaludi/accelerated-mobile-pages","Alive_1-Dead_3-Alive_1-Dead_2-Alive_63-Zombie_1"
"8","airesvsg/acf-to-rest-api","Alive_1-Zombie_1-Alive_3-Zombie_1-Alive_1-Zombie_4-Alive_5-Zombie_2-Alive_1-Zombie_2-Alive_1-Zombie_1-Alive_1-Zombie_2-Alive_3-Zombie_3-Alive_1-Zombie_5-Alive_1-Zombie_10-Alive_1-Zombie_1-Alive_1-Zombie_1-Alive_1-Zombie_3-Alive_2-Zombie_9-Alive_1"
"9","airton/manage-user-roles","Alive_1-Dead"
"10","ajsb85/wordpress-plugin-mappartnerlocator","Alive_2-Dead_62-Alive_2-Dead"
"11","alexacrm/integration-dynamics","Alive_16-Dead_2-Alive_22-Dead_2-Alive_23-Zombie_1-Alive_3-Dead_2-Alive_3-Dead_4-Zombie_3-Alive_1-Dead_3-Alive_1-Dead_3-Alive_1-Dead_2-Alive_5-Zombie_1-Alive_1-Zombie_1-Dead_2-Alive_1-Dead"
"12","alexmacarthur/wp-complete-open-graph","Alive_1-Zombie_1-Dead_4-Alive_3-Dead_2-Alive_3-Dead_4-Alive_5-Zombie_1-Alive_1-Dead_2-Alive_2-Dead_3-Zombie_2-Dead_3-Alive_2-Dead"
"13","alexstandiford/easy-age-verifier","Alive_4-Dead_2-Alive_4-Zombie_1-Alive_2-Dead_3-Alive_3-Dead_3-Alive_4-Dead_3-Alive_4-Dead_4-Alive_4-Dead_2-Alive_4-Dead_2-Zombie_4-Dead_4-Alive_4-Zombie_1-Dead_6-Alive_1-Dead"
"14","alexufo/youtube-speedload","Alive_1-Dead_15-Alive_1-Dead_2-Alive_1-Dead_6-Alive_1-Dead"
"15","alexwing/woocommerce-oscommerce-sync","Alive_1-Dead_4-Alive_1-Dead_22-Alive_1-Dead_4-Alive_2-Dead_37-Alive_2"
"16","andrewklimek/commentmonger","Alive_1-Dead_6-Alive_1-Dead_5-Alive_1-Dead"
"17","andrewklimek/debug-log","Alive_1-Dead_11-Alive_1-Dead_5-Alive_1-Dead"
"18","andrewklimek/disembellish","Alive_4-Dead_8-Alive_4-Dead_5-Alive_4-Dead_18-Alive_4-Dead"
"19","andrewklimek/emailmonger","Alive_3-Dead_14-Alive_3-Dead_19-Alive_3-Dead"
"20","andrewklimek/minimal-maintenance","Alive_2-Dead_10-Alive_2-Dead_5-Alive_2-Dead_29-Alive_2-Dead"
"21","andrewklimek/mnml-contact","Alive_3-Dead_5-Alive_3-Dead_3-Alive_5-Dead_4-Alive_5-Dead_19-Alive_5-Dead_5-Alive_5-Dead_3-Alive_5-Dead_2-Alive_5-Dead_4-Alive_7-Dead"
"22","andrewklimek/mnml-slider","Alive_2-Dead_9-Alive_3-Dead_5-Alive_3-Dead_6-Alive_3-Dead_26-Alive_3-Dead"
"23","andrewklimek/mnml-social-icons","Alive_2-Dead_2-Alive_2-Dead_7-Alive_5-Dead_11-Alive_5-Dead_4-Alive_5-Dead_4-Alive_5-Dead_2-Alive_6-Dead_16-Alive_6-Dead"
"24","andrewklimek/modalmonger","Alive_2-Dead_3-Alive_2-Dead_7-Alive_2-Dead_5-Alive_2-Dead"
"25","andrewklimek/msgmonger","Alive_2-Dead_10-Alive_2-Dead_5-Alive_2-Dead"
"26","andrewklimek/name-thine-price","Alive_1-Dead_9-Alive_1-Dead_5-Alive_1-Dead"
"27","andrewklimek/portmanteau","Alive_3-Dead_2-Alive_3-Dead_2-Alive_3-Dead_5-Alive_3-Dead_2-Alive_3-Dead_3-Alive_3-Dead"
"28","andrewklimek/re-welcome","Alive_1-Dead_2-Alive_1-Dead_8-Alive_1-Dead"
"29","andrewlimaza/when-last-login","Alive_3-Dead_2-Alive_3-Dead_2-Zombie_3-Dead_2-Zombie_3-Alive_1-Dead_2-Alive_1-Dead_3-Alive_1-Zombie_1-Dead_5-Zombie_1-Alive_2-Dead_2-Alive_2-Zombie_1-Dead_3-Zombie_1-Dead_2-Zombie_1-Dead_8-Zombie_1-Dead_3-Alive_2-Dead_4-Alive_2-Dead_6-Alive_2-Dead_3-Alive_3-Dead_6-Alive_3"
"30","ankurk91/wp-tabs-example","Alive_1-Dead"
"31","ankurk91/wp-version-faker","Alive_1-Dead_9-Alive_1-Dead"
"32","ansidev/bible-for-wordpress-plugin","Alive_2-Dead_9-Alive_2-Dead_10-Alive_2-Dead"
"33","anthonybudd/wp_model","Alive_8-Dead_2-Alive_8-Dead_2-Alive_8-Dead_5-Alive_9-Dead_3-Zombie_9-Alive_1-Zombie_1-Dead_7-Zombie_1-Dead"
"34","anytizer/hosted-content-importer.wp","Alive_5-Dead_17-Alive_5-Dead_4-Alive_6-Dead_4-Alive_6-Dead_12-Alive_6-Dead_3-Zombie_6-Dead_12-Alive_6-Dead"
"35","anytizer/stock-images.wp","Alive_1-Dead"
"36","arcframework/framework","Alive_10-Dead_2-Alive_10-Dead"
"37","arduosoft/wlog.wordpress","Alive_1-Dead_11-Alive_1-Dead"
"38","arnaudmanaranche/hunt-issue","Alive_1-Dead"
"39","arnonerba/formulate","Alive_2-Dead_11-Alive_2-Dead_20-Alive_2-Dead_13-Alive_2-Dead"
"40","artdevgame/flickr-group-gallery","Alive_1-Dead_4-Alive_1-Dead"
"41","arthurgareginyan/best-preloader","Alive_8-Dead_2-Alive_8-Dead_4-Alive_8-Dead_2-Alive_9-Dead_2-Alive_12-Dead_2-Alive_13-Dead_2-Alive_16-Dead_2-Alive_23-Dead_3-Alive_23-Dead_3-Alive_24-Dead_2-Alive_24-Dead_2-Alive_24-Dead_5-Alive_24-Dead_2-Alive_30-Dead_3-Alive_30-Dead_2-Alive_31"
"42","arthurgareginyan/header-and-footer-scripts-inserter","Alive_5-Dead_2-Alive_7-Dead_2-Alive_7-Dead_4-Alive_7-Dead_2-Alive_8-Dead_2-Alive_11-Dead_2-Alive_12-Dead_2-Alive_24-Dead_3-Alive_24-Dead_3-Alive_25-Dead_2-Alive_25-Dead_2-Alive_25-Dead_5-Alive_25-Dead_2-Alive_30-Dead_4-Alive_30-Dead_2-Alive_31"
"43","arthurgareginyan/rss-feed-icon","Alive_1-Dead_3-Alive_1-Dead_2-Alive_2-Dead_2-Alive_5-Dead_2-Alive_6-Dead_2-Alive_9-Dead_2-Alive_16-Dead_3-Alive_16-Dead_3-Alive_17-Dead_2-Alive_17-Dead_2-Alive_17-Dead_5-Alive_17-Dead_2-Alive_22-Dead_4-Alive_22-Dead_2-Alive_23"
"44","arthurgareginyan/simple-scroll-to-top-button","Alive_4-Dead_2-Alive_7-Dead_5-Alive_7-Dead_2-Alive_8-Dead_2-Alive_11-Dead_2-Alive_12-Dead_2-Alive_15-Dead_2-Alive_22-Dead_3-Alive_22-Dead_3-Alive_23-Dead_2-Alive_23-Dead_2-Alive_23-Dead_5-Alive_23-Dead_2-Alive_29-Dead_3-Alive_29-Dead_2-Alive_30"
"45","arthurgareginyan/syntax-highlighter-for-wp-editor","Alive_3-Dead_2-Alive_5-Dead_2-Alive_6-Dead_3-Alive_6-Dead_2-Alive_7-Dead_2-Alive_10-Dead_2-Alive_11-Dead_2-Alive_23-Dead_3-Alive_23-Dead_3-Alive_24-Dead_2-Alive_24-Dead_2-Alive_24-Dead_5-Alive_24-Dead_2-Alive_27-Dead_2-Alive_27-Dead_4-Alive_27-Dead_2-Alive_28"
"46","asheabbott/wordpress-custom-post-types-taxonomies","Alive_1-Dead_14-Alive_1-Dead_19-Alive_1-Dead"
"47","audiotheme/bandstand","Alive_1-Dead_3-Alive_1-Dead"
"48","automattic/pym-shortcode","Alive_2-Zombie_1-Alive_1-Zombie_1-Alive_1-Dead_4-Alive_2-Zombie_1-Alive_3-Zombie_1-Dead_6-Alive_2-Zombie_1-Dead_4-Alive_4-Zombie_2-Dead_5-Zombie_2-Dead_3-Alive_3-Zombie_4-Alive_1-Dead_5-Zombie_2-Dead_9-Alive_2-Dead"
"49","automattic/wpcom-legacy-redirector","Alive_3-Dead_2-Alive_4-Dead_3-Alive_4-Zombie_1-Dead_4-Alive_1-Zombie_1-Alive_6-Dead_5-Zombie_6-Alive_1-Zombie_1-Dead_4-Alive_4-Dead_2-Alive_8-Dead_5-Zombie_8-Dead_6-Zombie_8-Alive_1-Dead_3-Zombie_1-Alive_1-Zombie_2-Dead_2-Alive_2-Zombie_1-Dead_2-Zombie_1-Alive_1-Zombie_1-Alive_1-Zombie_2"
"50","awais300/spam-blocker","Alive_1-Dead_14-Alive_1-Dead_3-Alive_1-Dead_6-Alive_1-Dead_11-Alive_1-Dead_3-Alive_1-Dead_15-Alive_1-Dead"
"51","awesomemotive/affiliatewp-allow-own-referrals","Alive_1-Dead_4-Alive_1-Dead_19-Zombie_1-Dead_4-Zombie_1-Dead_3-Zombie_1-Dead_5-Alive_1-Dead_2-Zombie_1-Alive_1-Zombie_1-Alive_1-Dead_3-Zombie_1-Alive_1-Dead_8-Alive_1-Zombie_1-Alive_2-Dead_5-Zombie_2-Dead_2-Zombie_2-Alive_1-Dead"
"52","awesomemotive/affiliatewp-allowed-products","Alive_1-Zombie_1-Dead_2-Alive_2-Dead_4-Zombie_2-Dead_3-Zombie_2-Dead_3-Alive_2-Dead_7-Zombie_3-Dead_3-Zombie_3-Dead_6-Zombie_3-Alive_1-Dead_2-Zombie_1-Dead_3-Alive_1-Dead_2-Zombie_1-Alive_1-Dead_2-Alive_1-Dead_4-Alive_1-Dead_7-Zombie_1-Alive_2-Zombie_1-Alive_1-Dead_4-Zombie_2-Dead_2-Zombie_2-Alive_1-Zombie_1-Alive_2"
"53","awesomemotive/affiliatewp-woocommerce-redirect-affiliates","Alive_1-Dead_26-Alive_1-Dead_3-Alive_1-Dead_2-Alive_1-Dead_4-Alive_1-Dead_10-Alive_2-Dead_5-Zombie_2-Dead_2-Zombie_2-Alive_2-Zombie_1-Dead"
"54","ayecode/userswp","Alive_62"
"55","azedo/wp-behance-importer","Alive_1-Zombie_1-Dead"
"56","bag-labs/greenhouse-job-board","Alive_2-Dead_7-Alive_3-Dead_2-Alive_6-Dead_4-Alive_6-Dead_7-Alive_6-Dead_15-Zombie_6-Dead_8-Alive_6-Dead_15-Alive_6-Dead_4-Alive_6-Dead"
"57","bangerkuwranger/cac_wp_scrollmagic_layers","Alive_2-Dead"
"58","barbareshet/ido-social-links-plugin","Alive_1-Dead_10-Alive_1-Dead_15-Alive_1-Dead"
"59","barryceelen/datepicker3000","Alive_3-Dead"
"60","barryceelen/wp-analytics-without-cookies","Alive_1-Dead_5-Alive_1-Dead_5-Alive_1-Dead"
"61","barryceelen/wp-multilocale","Alive_1-Dead_3-Alive_3-Dead_3-Alive_8-Dead_4-Alive_9-Dead_6-Alive_9-Dead_3-Alive_9-Dead_6-Alive_9-Dead"
"62","barryceelen/wp-replace-filename-accents","Alive_1-Dead"
"63","barryceelen/wp-super-editor","Alive_1-Dead"
"64","baublet/wp-twig-loop-shortcode","Alive_3-Dead_2-Alive_4-Dead_12-Alive_5-Dead"
"65","beapi/acf-options-for-polylang","Alive_1-Dead_2-Zombie_1-Alive_1-Dead_3-Alive_2-Zombie_3-Dead_2-Zombie_3-Dead_4-Zombie_4-Dead_2-Zombie_4-Dead_2-Alive_4-Dead_2-Zombie_4-Alive_1-Dead_2-Alive_4-Dead_2-Zombie_4-Alive_3-Zombie_1-Alive_3-Zombie_1-Dead_3-Zombie_1-Dead_2-Zombie_1-Dead_3-Zombie_1-Dead_3-Alive_1-Zombie_1-Dead_2-Zombie_5-Alive_3-Zombie_1-Dead_2-Alive_1-Dead_2-Alive_2-Zombie_1"
"66","bellevuecollege/multisite-users-by-role","Alive_1-Dead_10-Alive_1-Dead_19-Alive_1-Dead_8-Alive_1-Dead"
"67","benjaminmedia/wp-cxense","Alive_2-Dead_7-Alive_13-Dead_2-Alive_15-Dead_2-Alive_15-Dead_2-Alive_15-Dead_10-Alive_15-Zombie_1-Dead_4-Alive_1-Dead_2-Alive_2-Dead_10-Alive_4-Dead_2-Alive_4-Dead_2-Alive_4"
"68","benjaminmedia/wp-quiz-plugins","Alive_4-Dead_3-Alive_5-Dead_11-Alive_5-Dead"
"69","benjaminmedia/wp-wa-oauth","Alive_2-Dead_3-Alive_2-Dead_3-Alive_5-Dead_7-Alive_6-Dead_2-Alive_6-Dead_25-Alive_6-Dead"
"70","benjaminmedia/wp-wype-reset-password","Alive_5-Dead_2-Alive_5-Dead_3-Alive_5-Dead_6-Alive_5-Dead_3-Alive_5-Dead"
"71","betterangels/buoy","Alive_6-Zombie_1-Alive_8-Zombie_1-Dead_2-Zombie_1-Dead"
"72","bigfa/nm","Alive_4-Zombie_1-Dead_5-Alive_1-Zombie_2-Dead_3-Zombie_2-Alive_2-Zombie_1-Dead_4-Alive_1-Zombie_1-Dead_3-Zombie_1-Alive_1-Dead_11-Zombie_1-Dead_3-Zombie_2-Dead_3-Alive_2-Dead_4-Zombie_2-Dead_3-Alive_2-Zombie_1-Dead_4-Zombie_1-Dead_5-Zombie_1-Dead"
"73","bigwing/nest-login","Alive_1-Dead_22-Alive_1-Dead"
"74","blackus3r/post-worktime-logger","Alive_2-Dead_2-Alive_2-Zombie_1-Alive_1-Dead_24-Alive_1-Dead"
"75","bmaupin/wordpress-site-plugins","Alive_1-Dead"
"76","bobbingwide/genesis-footer-widgets","Alive_1-Dead_2-Alive_2-Dead_3-Alive_2-Zombie_1-Dead_6-Alive_2-Dead_32-Zombie_2-Dead"
"77","bobbingwide/oik-a2z","Alive_1-Dead_2-Alive_1-Dead_4-Alive_3-Dead_10-Zombie_3-Dead_12-Alive_3-Dead_22-Zombie_3-Dead"
"78","bobbingwide/oik-ajax","Alive_3-Dead_8-Alive_3-Dead_3-Zombie_3-Dead_8-Zombie_3-Dead_8-Zombie_3-Dead_5-Zombie_3-Dead_19-Alive_4-Dead"
"79","bobbingwide/oik-i18n","Alive_2-Dead_9-Alive_3-Dead_3-Alive_3-Zombie_1-Alive_1-Zombie_1-Dead_12-Alive_1-Dead_4-Zombie_1-Dead_15-Zombie_2-Alive_1-Dead_2-Alive_2-Dead_2-Zombie_2-Dead_7-Zombie_2"
"80","bobbingwide/oik-post-type-support","Alive_1-Dead_13-Alive_1-Dead"
"81","bobbingwide/oik-sites","Alive_2-Dead_34-Zombie_3-Dead"
"82","bobbingwide/oik-video","Alive_1-Dead_14-Alive_1-Dead_42-Zombie_1-Dead_8-Alive_1-Dead"
"83","bobbingwide/oik-weight-zone-shipping","Alive_1-Dead_6-Alive_2-Dead_3-Alive_2-Dead_2-Alive_2-Zombie_2-Alive_3-Zombie_1-Alive_1-Dead_13-Zombie_1-Dead_19-Alive_1-Zombie_1-Dead_7-Alive_2-Dead_2-Alive_2-Dead_2-Zombie_2-Dead"
"84","bobbingwide/oik-widget-cache","Alive_1-Dead_2-Alive_1-Dead_9-Alive_1-Dead_19-Zombie_1-Dead_14-Zombie_1-Dead"
"85","bobbingwide/tags","Alive_1-Dead_3-Alive_1-Dead_7-Alive_1-Dead_2-Alive_1-Dead_15-Zombie_1-Dead_7-Zombie_1-Dead_2-Alive_2-Dead"
"86","boldgrid/boldgrid-seo","Alive_19-Dead_2-Alive_20-Dead_2-Alive_20-Dead_4-Alive_20-Dead_6-Alive_26-Dead_2-Zombie_26-Alive_1-Dead_2-Zombie_1-Dead_2-Alive_1-Zombie_1-Dead_2-Alive_1-Dead_3-Zombie_2-Alive_5-Dead_2-Alive_5-Dead_3-Zombie_5-Dead_4-Zombie_5"
"87","boogah/nofsp","Alive_1-Dead_24-Zombie_1-Dead"
"88","bracketspace/notification","Alive_7-Zombie_1-Alive_4-Zombie_1-Alive_2-Zombie_1-Alive_7-Zombie_1-Alive_4-Zombie_1-Alive_33"
"89","bradp/forced-emoji","Alive_1-Dead_62-Alive_1-Dead"
"90","brainstormforce/automate-mautic","Alive_4-Dead_2-Alive_6-Dead_5-Alive_6-Dead_3-Alive_7-Dead_4-Alive_7-Dead_7-Alive_7-Dead_5-Alive_7-Dead_3-Alive_8-Dead_3-Alive_8-Dead_4-Alive_8-Dead"
"91","brainstormforce/bb-header-footer","Alive_3-Dead_2-Alive_9-Zombie_1-Dead_2-Alive_1-Zombie_1-Alive_1-Dead_2-Alive_1-Zombie_1-Dead_3-Zombie_2-Dead_4-Zombie_2-Dead_3-Zombie_2-Dead_3-Zombie_2-Dead_2-Zombie_2-Dead_2-Alive_3-Dead_2-Alive_3-Dead_4-Alive_5-Zombie_1-Alive_1-Dead_4-Alive_1-Dead_3-Alive_1-Dead_2-Zombie_1-Dead_2-Alive_2-Dead_2-Zombie_2"
"92","bu-ist/bu-ssl","Alive_2-Dead_2-Alive_3-Dead_2-Alive_3-Dead_15-Alive_5-Zombie_1-Dead_7-Alive_1-Dead"
"93","byggvir/tawp_fortune","Alive_1-Dead_33-Alive_1-Dead_2-Alive_1-Dead"
"94","cameronterry/dark-matter","Alive_3-Dead_2-Alive_4-Zombie_1-Alive_1-Dead_4-Alive_1-Dead_3-Alive_2-Dead_3-Zombie_2-Dead_2-Zombie_2-Dead_2-Alive_3-Zombie_1-Alive_1-Dead_3-Zombie_1-Dead_6-Alive_4-Dead_2-Alive_11-Zombie_1-Dead_3-Zombie_1-Alive_2-Zombie_1-Alive_1-Dead_2-Alive_2-Zombie_1-Dead_2-Zombie_1-Alive_5-Dead"
"95","castroalves/castroalves.github.io-old","Alive_1-Dead_18-Alive_2-Dead_12-Alive_3-Dead_20-Alive_3-Dead"
"96","centervalleyanimalrescue/cvar-core-functionality","Alive_1-Dead_9-Alive_1-Dead_3-Alive_2-Dead"
"97","cheetaho/cheetaho-wp-image-optimizer","Alive_1-Dead_2-Alive_8-Dead_15-Alive_8-Dead_5-Alive_9-Dead_3-Alive_11-Dead_2-Alive_11-Dead_3-Alive_11-Dead_3-Alive_12-Dead_10-Alive_12-Dead_8-Alive_12"
"98","christinablust/photographer-credit","Alive_1-Dead_4-Alive_2-Dead"
"99","chriswinters/multisite-robotstxt-manager","Alive_3-Dead_5-Alive_4-Dead_2-Alive_4-Dead_5-Alive_4-Dead_14-Zombie_4-Dead_6-Alive_5-Dead_2-Alive_5-Dead_6-Alive_5-Dead_2-Zombie_5-Dead"
"100","chriswinters/robotstxt-manager","Alive_1-Dead_6-Alive_2-Dead_26-Alive_2-Dead_2-Alive_2-Dead_8-Alive_2-Dead_3-Alive_2-Dead"
"101","cipherdevgroup/find-shortcodes","Alive_3-Dead"
"102","cipherdevgroup/heart-this","Alive_3-Dead_14-Zombie_4-Dead_9-Zombie_4-Dead"
"103","circuscode/hello-dolly-for-your-song","Alive_1-Dead_2-Alive_1-Dead_4-Alive_1-Dead_3-Alive_2-Dead_3-Alive_2-Dead_6-Alive_2-Dead_3-Alive_2-Dead_9-Alive_2-Dead_14-Alive_4-Dead_2-Alive_4-Dead"
"104","circuscode/mathilda","Alive_2-Dead_6-Alive_4-Dead_3-Zombie_4-Dead_2-Alive_5-Dead_6-Alive_6-Dead_2-Alive_6-Dead_21-Zombie_6-Dead_4-Alive_6-Dead_3-Alive_6-Dead_4-Zombie_7-Dead"
"105","cloudinary/cloudinary_wordpress","Alive_1-Zombie_1-Dead_2-Alive_1-Zombie_2-Dead_2-Alive_2-Zombie_1-Alive_1-Dead_3-Zombie_1-Dead_3-Alive_1-Dead_2-Alive_1-Dead_2-Zombie_1-Alive_2-Dead_2-Alive_2-Dead_2-Alive_4-Zombie_1-Alive_1-Dead_2-Alive_1-Dead_4-Alive_2-Dead_2-Zombie_3-Dead_6-Alive_25"
"106","codeforfoco/bike-coop-plugin","Alive_5-Dead_7-Alive_5-Dead"
"107","codeko/custom-post-parents","Alive_1-Dead_2-Alive_2-Dead_4-Alive_3-Dead_5-Alive_5-Dead"
"108","codeko/wp-data-model","Alive_1-Dead_6-Alive_1-Dead"
"109","codesnakers/woo-order-user-efficiency","Alive_1-Dead_29-Alive_1-Dead"
"110","coldturkeygroup/program-page","Alive_2-Dead_5-Alive_3-Dead_3-Alive_5-Dead_3-Alive_5-Dead_19-Alive_5-Dead_8-Alive_5-Dead"
"111","collinbarrett/link-last-modified-checker","Alive_2-Dead"
"112","coloredcow/wordpress-announcements","Alive_1-Dead"
"113","craigsimps/disable-wp-auto-formatting","Alive_1-Dead"
"114","craigsimps/genesis-browse-happy","Alive_2-Dead_9-Alive_2-Dead_22-Alive_2-Dead"
"115","culqi/culqi-woocommerce","Alive_11-Zombie_1-Dead_2-Zombie_2-Alive_4-Zombie_4-Alive_1-Zombie_4-Dead_2-Alive_4-Zombie_1-Alive_1-Dead_2-Zombie_1-Alive_1-Zombie_1-Dead_2-Alive_1-Zombie_5-Alive_1-Zombie_1-Dead_2-Zombie_3-Dead_2-Alive_3-Dead_3-Zombie_3-Dead_3-Zombie_4-Dead_2-Zombie_4-Dead_3-Zombie_5-Dead"
"116","cyrillbolliger/conditional-featured-image","Alive_2-Dead_2-Alive_3-Dead_3-Alive_3-Dead_5-Alive_3-Dead_7-Alive_3-Zombie_1-Dead_4-Zombie_1-Alive_1-Dead_6-Zombie_1-Alive_1-Dead_3-Alive_1-Zombie_2-Dead_3-Zombie_3-Dead_2-Alive_6-Zombie_1-Dead_2-Alive_2-Dead_2-Alive_2-Dead_2-Alive_3-Dead_2-Alive_4"
"117","czp3009/wordpress-lottery","Alive_1-Dead_5-Alive_1-Dead_12-Alive_2-Dead_8-Alive_2-Dead"
"118","dangoodman/composer-for-wordpress","Alive_2-Dead_3-Alive_3-Dead_17-Alive_4-Dead_2-Zombie_4-Dead_3-Zombie_4-Alive_1-Dead_29-Alive_1-Dead_5-Alive_1-Dead"
"119","dazune/couvert","Alive_1-Dead"
"120","dcooney/instant-images","Alive_1-Dead_9-Alive_5-Dead_5-Alive_6-Zombie_1-Alive_1-Dead_2-Zombie_1-Dead_3-Alive_1-Dead_2-Alive_1-Dead_3-Alive_1-Dead_3-Zombie_2-Alive_1-Dead_4-Alive_2-Dead_3-Alive_2-Dead_5-Zombie_2-Dead_2-Alive_2-Dead_2-Alive_4-Dead_2-Zombie_4-Alive_1"
"121","decomteam/giftable-for-woocommerce","Alive_3-Dead_2-Alive_5-Dead_8-Alive_5-Dead_6-Alive_5-Dead_3-Zombie_5-Dead_2-Alive_5-Dead_3-Zombie_5-Dead_4-Alive_5-Dead_5-Alive_5-Dead_2-Alive_5-Dead_2-Zombie_6-Dead"
"122","devgeniem/acf-flexible-templates","Alive_1-Dead"
"123","deworg/dewp-planet-feed","Alive_2-Dead_2-Zombie_2-Dead_28-Alive_2-Zombie_1-Alive_2-Dead_4-Alive_2-Dead_13-Alive_3-Dead_2-Alive_4-Dead_6-Alive_4-Dead_3-Alive_4-Dead_3-Alive_4-Zombie_1"
"124","dezodev/dezo-tools","Alive_2-Dead_3-Alive_5-Dead_20-Alive_6-Dead_7-Alive_6-Dead"
"125","dfmedia/dfm-transients","Alive_4-Dead_3-Zombie_4-Alive_2-Dead_2-Zombie_2-Dead_2-Alive_4-Dead_10-Alive_5-Dead_5-Alive_5-Dead"
"126","digisz/bandcommanderwpplugin","Alive_1-Dead_2-Alive_1-Dead_2-Alive_1-Dead_2-Zombie_1-Dead_5-Alive_1-Dead_2-Alive_1-Dead"
"127","digitoimistodude/acf-wp-polls-redux","Alive_1-Dead"
"128","digitoimistodude/dude-facebook-feed","Alive_3-Dead_20-Alive_3-Dead_7-Alive_3-Dead_4-Zombie_3-Alive_1-Dead_2-Alive_1-Dead_2-Zombie_1-Dead_15-Alive_1-Dead"
"129","digitoimistodude/dude-insta-feed","Alive_2-Dead_6-Alive_2-Dead_2-Alive_2-Dead_3-Alive_2-Dead_9-Alive_2-Dead_9-Alive_2-Zombie_1-Dead_8-Alive_2-Dead_10-Alive_2-Dead_8-Alive_2-Dead"
"130","digitoimistodude/dude-lastfm-feed","Alive_2-Dead_57-Alive_2-Dead"
"131","digitoimistodude/dude-most-read-posts","Alive_1-Dead_5-Alive_2-Dead_5-Zombie_2-Alive_1-Dead_2-Alive_1-Dead_17-Alive_1-Dead_19-Alive_1-Dead_3-Alive_1-Dead"
"132","digitoimistodude/dude-really-simple-ads","Alive_1-Dead_24-Alive_1-Dead_4-Alive_1-Dead_2-Alive_2-Dead_21-Alive_3-Dead_2-Alive_3-Dead"
"133","digitoimistodude/dude-twitter-feed","Alive_2-Dead_5-Alive_3-Dead_3-Zombie_3-Dead_29-Alive_3-Dead_2-Zombie_3-Dead_17-Alive_3-Dead"
"134","digitoimistodude/image-hashtag-feed","Alive_1-Zombie_2-Dead_3-Alive_3-Dead_2-Alive_3-Dead_5-Zombie_3-Alive_1-Dead_3-Zombie_1-Dead_2-Alive_1-Dead_10-Alive_1-Dead_7-Alive_1-Dead_4-Alive_1-Dead_5-Alive_1-Dead_14-Alive_1-Dead"
"135","dmassiani/wpcomponent","Alive_3-Dead_3-Zombie_4-Dead_3-Zombie_4-Dead_3-Zombie_5-Dead"
"136","dmhendricks/wordpress-base-plugin","Alive_2-Dead_3-Alive_14-Dead_2-Alive_20-Dead_31-Zombie_20-Dead"
"137","dorzki/add-menu-icon","Alive_1-Dead"
"138","duracelltomi/gtm4wp","Alive_2-Zombie_1-Alive_4-Dead_2-Alive_6-Dead_2-Alive_22-Zombie_1-Alive_4-Zombie_1-Alive_6-Dead_2-Alive_12-Zombie_1-Alive_2-Zombie_4-Alive_5-Zombie_1-Alive_2"
"139","ecedi/wp-rocket-no-bot","Alive_1-Dead"
"140","ecovillage/ev7l-events","Alive_9-Dead_16-Alive_10-Dead_12-Alive_11-Dead_9-Alive_11-Dead"
"141","ehri/ehri-wordpress-plugin","Alive_2-Dead_4-Alive_2-Dead_3-Alive_2-Dead_11-Alive_2-Dead_18-Alive_2-Dead"
"142","eldercarvalho/my-data-plugin","Alive_3-Dead_2-Alive_3-Dead"
"143","elementor/elementor","Alive_66"
"144","ellakcy/wordpress-with-plugins","Alive_4-Dead_2-Alive_5-Dead_6-Alive_6-Dead_21-Alive_6-Dead"
"145","emgk/visual-text-editor","Alive_1-Dead_2-Alive_3-Dead_2-Alive_3-Dead_4-Alive_3-Dead_9-Alive_3-Dead_3-Zombie_3-Dead_2-Zombie_3-Dead"
"146","enricodeleo/woocommerce-pdf-invoices-packing-slips-sort-by-invoice","Alive_1-Dead"
"147","eokoneyo/electorate","Alive_3-Dead"
"148","equatedotcreate/wordpress-logo","Alive_1-Dead_2-Alive_1-Dead_10-Alive_2-Dead"
"149","ernilambar/ns-category-widget","Alive_1-Dead_8-Alive_1-Dead_34-Alive_1-Dead_5-Alive_2-Zombie_1-Dead_5-Zombie_1-Dead_3-Zombie_1-Dead_2-Zombie_1-Dead_2-Alive_1-Zombie_1-Dead"
"150","fabacab/multisite-directory","Alive_3-Zombie_1-Dead_2-Alive_1-Dead_4-Alive_2-Dead_5-Alive_2-Dead_5-Zombie_2-Dead"
"151","fabacab/wp-pgp-encrypted-emails","Alive_4-Dead_3-Alive_4-Dead_2-Zombie_4-Dead_2-Zombie_4-Dead_2-Alive_4-Dead_3-Alive_5-Zombie_2-Dead_2-Zombie_2-Alive_3-Dead_3-Zombie_3-Alive_3-Zombie_1-Alive_1-Zombie_2-Dead_2-Alive_2-Zombie_1-Dead_8-Alive_1-Dead_2-Alive_1-Dead_6-Alive_1-Dead_8-Alive_1-Zombie_1-Alive_3-Dead_3-Zombie_3-Dead"
"152","factmaven/disable-blogging","Alive_7-Dead_2-Alive_7-Dead_5-Alive_7-Dead_18-Alive_7-Dead_2-Alive_7-Dead_11-Alive_7-Dead_2-Alive_8-Dead_5-Alive_8-Dead_3-Zombie_9-Dead_6-Zombie_9-Dead"
"153","factmaven/remove-http","Alive_2-Dead_3-Alive_2-Zombie_1-Alive_2-Zombie_1-Dead_3-Zombie_1-Alive_1-Dead_3-Zombie_1-Dead_28-Alive_1-Dead_12-Zombie_1-Dead"
"154","factmaven/specify-image-dimensions","Alive_2-Zombie_1-Alive_1-Dead_2-Alive_1-Dead_2-Zombie_1-Dead_11-Zombie_1-Dead"
"155","factmaven/wp-plugin-template","Alive_1-Dead_3-Alive_1-Dead"
"156","faustynm/portgal-for-wordpress","Alive_1-Dead_2-Alive_1-Dead_2-Alive_1-Dead_12-Alive_1-Dead"
"157","felixarntz/attachment-taxonomies","Alive_7-Zombie_1-Dead_6-Zombie_1-Alive_1-Dead_2-Alive_2-Dead_3-Zombie_2-Dead_2-Zombie_2-Dead_6-Zombie_2-Dead_2-Alive_2-Zombie_1-Dead_2-Zombie_1-Dead"
"158","felixarntz/wp-global-admin","Alive_2-Dead_3-Alive_2-Dead_11-Alive_7-Dead"
"159","felixarntz/wp-network-roles","Alive_2-Dead_11-Alive_7-Dead"
"160","findsorguk/wp-findsorguk","Alive_2-Dead_4-Alive_3-Dead_7-Alive_3-Dead"
"161","firetreedesign/ccbpress-slack","Alive_2-Dead_8-Alive_2-Dead_9-Zombie_2-Dead"
"162","firetreedesign/ft-bb-schema","Alive_1-Dead"
"163","firetreedesign/ft-bb-syntax-highlighter","Alive_1-Dead_2-Alive_1-Dead"
"164","fjorgedevelopers/wp-plugin-skeleton","Alive_1-Dead_4-Alive_2-Dead_3-Alive_2-Dead_6-Alive_2-Dead"
"165","flexseth/press-this-for-the-events-calendar","Alive_1-Dead_2-Alive_1-Dead"
"166","florianbrinkmann/svg-social-menu","Alive_2-Dead_6-Alive_2-Dead_2-Alive_2-Dead_2-Alive_2-Dead_3-Zombie_2-Alive_2-Dead_6-Alive_2-Dead_14-Alive_2-Dead_8-Alive_2-Dead_3-Zombie_2-Dead_6-Zombie_3-Dead_2-Zombie_3-Dead_3-Zombie_3-Dead_5-Zombie_3-Dead_3-Zombie_3-Dead"
"167","flyntwp/flynt-core","Alive_9-Dead_5-Zombie_10-Dead_6-Alive_11-Dead_4-Zombie_11-Dead_2-Zombie_11-Dead_2-Alive_11-Dead"
"168","fpcsjames/cf7-rating-stars","Alive_1-Dead"
"169","fpcsjames/wp-anti-detritus","Alive_1-Dead_2-Alive_2-Dead_7-Alive_2-Dead_4-Alive_2-Dead_5-Alive_2-Dead_2-Alive_2-Dead_3-Alive_3-Dead_2-Alive_4-Dead"
"170","franverona/loadgo-for-wp","Alive_1-Dead_7-Alive_1-Dead_7-Alive_1-Dead_9-Alive_1-Dead"
"171","frostkom/mf_users","Alive_6-Dead_3-Alive_14-Dead_2-Alive_14-Dead_2-Alive_16-Dead_2-Alive_23-Dead_2-Alive_24-Dead_2-Alive_29-Dead_2-Alive_38-Dead_3-Alive_39-Dead_2-Alive_46-Dead_2-Alive_47"
"172","fstiehle/wp-plugin-social-profile-links","Alive_1-Dead_2-Alive_1-Dead_3-Alive_2-Dead"
"173","fsylum/sitepoint-upload","Alive_1-Dead"
"174","furiagamingcommunity/furiagamingcommunity-games","Alive_4-Dead_2-Alive_6-Dead"
"175","furiagamingcommunity/furiagamingcommunity-slideshows","Alive_3-Dead_16-Alive_5-Dead"
"176","gabrieldarezzo/inlocation","Alive_1-Dead_27-Alive_1-Dead_12-Alive_1-Dead"
"177","garubi/wp-mail-ses","Alive_2-Dead_19-Alive_2-Dead_24-Alive_2-Dead_17-Alive_2-Dead"
"178","geminilabs/site-reviews-v2","Alive_23-Dead_2-Alive_23-Dead_2-Alive_23-Dead_2-Alive_23-Dead"
"179","genietim/import-media-plugin","Alive_1-Dead"
"180","gerencianet/gn-api-woocommerce","Alive_6-Dead_2-Alive_6-Dead_2-Alive_6-Dead_8-Alive_6-Dead_2-Alive_6-Dead_3-Alive_7-Dead_2-Zombie_7-Alive_2-Dead_3-Alive_2-Dead_4-Alive_2-Dead_4-Alive_2-Dead_20-Alive_5-Dead_2-Alive_8"
"181","getdave/wp-intervention","Alive_1-Dead_5-Zombie_1-Dead_2-Alive_2-Zombie_1-Alive_1-Dead_20-Zombie_2-Dead_2-Zombie_2-Dead_10-Zombie_2-Alive_1-Dead_4-Zombie_1-Dead_5-Zombie_1-Dead_3-Zombie_1-Dead_2-Zombie_1-Dead_3-Zombie_2"
"182","getolympus/olympus","Alive_1-Dead_2-Alive_4-Dead_3-Alive_7-Dead_2-Alive_7-Dead_13-Alive_7-Dead_6-Alive_8-Dead_7-Alive_8-Dead_2-Alive_8-Dead_5-Alive_9-Dead_2-Alive_10-Dead_4-Alive_10-Zombie_1-Alive_1-Dead_2-Alive_1-Dead_3-Alive_2-Dead_2-Alive_2-Dead_2-Alive_2-Dead"
"183","glotpress/gp-translation-propagation","Alive_1-Dead_2-Alive_1-Dead_24-Zombie_1-Dead"
"184","gnowland/wp-jet-fuel","Alive_4-Dead_6-Alive_6-Dead_3-Alive_6-Dead_2-Alive_6-Dead_2-Alive_6-Dead_4-Alive_6-Dead_14-Alive_6-Dead_8-Alive_6-Dead_3-Alive_7-Zombie_1-Dead"
"185","godaddy-wordpress/contact-widgets","Alive_9-Dead_2-Alive_11-Dead_4-Alive_11-Dead_2-Zombie_11-Dead_2-Alive_12-Zombie_1-Alive_1-Zombie_1-Dead_3-Alive_2-Zombie_1-Alive_1-Dead_4-Alive_1-Zombie_1-Alive_1-Dead_2-Zombie_1-Alive_1-Dead_5-Zombie_1-Alive_1-Dead_2-Zombie_1-Alive_1-Dead_3-Alive_1-Zombie_3-Dead_4-Zombie_3-Dead_3-Zombie_5-Alive_1-Dead_2-Zombie_3"
"186","godaddy-wordpress/godaddy-email-marketing","Alive_7-Dead_2-Alive_13-Dead_7-Alive_15-Dead_2-Alive_15-Dead_4-Alive_16-Zombie_1-Alive_1-Zombie_1-Dead_2-Alive_3-Dead_3-Alive_3-Dead_10-Alive_5-Zombie_2-Dead_5-Zombie_2-Dead_3-Zombie_4-Alive_1-Dead_2-Zombie_1-Dead"
"187","godaddy/wp-reseller-store","Alive_15-Dead_2-Alive_16-Dead_2-Zombie_16-Alive_8-Zombie_1-Alive_1-Zombie_1-Alive_2-Zombie_1-Dead_2-Alive_1-Dead_2-Zombie_2-Dead_3-Alive_2-Zombie_2-Dead_2-Zombie_3-Dead_2-Alive_3-Dead_2-Alive_3-Zombie_1-Alive_1-Zombie_1-Dead"
"188","graffino/custom-post-type-maker","Alive_2-Zombie_1-Alive_1-Zombie_1-Alive_1-Dead_2-Alive_1-Dead_2-Alive_1-Zombie_3-Dead_3-Zombie_3-Alive_1-Dead_7-Alive_1-Dead_4-Zombie_1-Dead_2-Zombie_1-Dead_3-Alive_1-Dead_2-Zombie_1-Alive_1-Dead_6-Alive_1-Dead_4-Alive_1-Dead_2-Alive_4-Dead_2-Zombie_4-Dead_2-Alive_5-Dead"
"189","growella/anthology","Alive_1-Dead_3-Alive_1-Dead"
"190","growella/dynamic-asset-versioning","Alive_1-Dead_3-Alive_1-Dead"
"191","growella/table-of-contents","Alive_3-Dead"
"192","hametuha/hamail","Alive_4-Dead_9-Alive_4-Dead_6-Alive_4-Dead_12-Alive_5-Zombie_1-Alive_1-Dead_5-Alive_1-Dead_8-Alive_2-Dead_2-Alive_2-Dead_4-Alive_3-Dead"
"193","haninmustafa/inhabitent-co.-site","Alive_1-Dead"
"194","henrywright/here","Alive_1-Dead_14-Alive_1-Dead_19-Alive_1-Dead"
"195","hinaloe/non-cache-ppp","Alive_1-Dead_4-Alive_1-Dead_5-Alive_1-Dead"
"196","hinaloe/push7-subscribe-button","Alive_3-Dead_4-Alive_3-Dead_7-Zombie_3-Dead"
"197","hiwelo/raccoon-plugin","Alive_4-Dead_3-Alive_6-Dead_3-Alive_6-Zombie_1-Alive_2-Dead_2-Alive_2-Dead_2-Alive_2-Dead"
"198","hofmannsven/contextbar","Alive_2-Dead_2-Alive_2-Dead_22-Alive_2-Dead"
"199","houke/color-palette-generator","Alive_4-Dead_4-Alive_6-Dead_3-Alive_6-Dead_4-Alive_6-Dead_5-Alive_6-Dead_3-Zombie_6-Alive_1-Zombie_1-Dead"
"200","iandunn/compassionate-comments","Alive_1-Dead_6-Alive_1-Dead_26-Alive_3-Dead_2-Alive_3-Dead_2-Alive_3-Dead"
"201","ikenfin/admin-media-embedurl-wh-fields-hack","Alive_1-Dead_3-Alive_1-Dead"
"202","imforza/idx-connect-for-gravityforms","Alive_1-Dead_2-Alive_1-Dead_6-Alive_2-Dead_24-Alive_2-Dead"
"203","imforza/re-pro","Alive_5-Zombie_1-Alive_3-Dead_4-Zombie_3-Alive_1-Dead_5-Zombie_1-Dead_12-Zombie_1-Dead"
"204","imforza/system-status","Alive_3-Dead_6-Alive_4-Dead_3-Alive_4-Dead"
"205","imforza/wordpress-plugin-template","Alive_2-Dead_5-Alive_3-Dead_9-Alive_3-Dead"
"206","impress-org/give-form-countdown","Alive_1-Dead_4-Alive_1-Zombie_1-Alive_1-Dead_11-Zombie_2-Dead_2-Alive_3-Dead_2-Alive_3-Dead_7-Zombie_3-Alive_1-Dead_3-Zombie_1-Dead_4-Zombie_1-Dead_3-Alive_1-Dead_2-Zombie_1-Dead"
"207","indiewebpress/wordpress-deleted-posts","Alive_1-Dead_4-Alive_1-Dead_22-Alive_1-Dead_24-Alive_1-Dead"
"208","inn/client-hosting-manager","Alive_3-Zombie_1-Alive_2-Dead_5-Zombie_2-Dead_3-Alive_3-Dead_14-Alive_3-Dead_10-Zombie_3-Dead_3-Zombie_3-Dead"
"209","inn/credentials","Alive_1-Zombie_1-Dead_2-Alive_1-Dead"
"210","inn/largo-related-posts","Alive_1-Dead_2-Alive_1-Dead_5-Zombie_1-Alive_2-Dead"
"211","inn/pmp-distribution","Alive_1-Dead"
"212","inn/rns-transmissions","Alive_2-Dead_9-Alive_2-Dead"
"213","inpsyde/block-mails-quick-n-dirty","Alive_1-Dead_60-Alive_1"
"214","inpsyde/menu-cache","Alive_3-Dead_5-Alive_3-Dead_2-Alive_3-Dead_2-Alive_4-Dead_5-Zombie_5-Dead_20-Alive_5-Dead_4-Zombie_5-Dead"
"215","inwdragon/urlength","Alive_1-Dead"
"216","islamic-network/aladhan-wordpress-plugin","Alive_1-Dead_4-Alive_1-Dead_26-Alive_1-Dead"
"217","isotopsweden/wp-cargo","Alive_5-Dead_2-Alive_5-Dead_3-Alive_5-Dead_36-Alive_5-Dead_7-Alive_5-Dead_2-Zombie_5-Dead"
"218","isotopsweden/wp-extra","Alive_1-Dead_53-Alive_1-Dead_2-Zombie_1-Dead"
"219","isotopsweden/wp-hercules","Alive_3-Dead_2-Zombie_3-Alive_2-Dead_51-Alive_2-Dead_2-Zombie_2-Dead"
"220","itechgenie/genie-wp-matrimony","Alive_1-Dead_19-Alive_1-Dead_7-Alive_2-Dead_3-Alive_2-Dead"
"221","itgalaxy/pillar","Alive_2-Dead_9-Alive_6-Dead_2-Alive_9-Dead_5-Alive_9-Dead"
"222","iwillhappy1314/wizhi-seo","Alive_2-Dead_12-Alive_2-Dead"
"223","jameselks/my-facebook-events","Alive_5-Dead_2-Alive_7-Dead_4-Alive_8-Dead_5-Alive_8-Dead_2-Alive_8-Dead_24-Alive_8-Dead"
"224","jaredkc/gallery-grid-option","Alive_2-Dead"
"225","jasonyingling/easy-footnotes","Alive_1-Dead_9-Alive_2-Dead_6-Alive_2-Dead_3-Alive_2-Dead_2-Alive_2-Dead_2-Alive_3-Dead_3-Alive_3-Dead_2-Alive_6-Dead_8-Alive_6-Dead_2-Alive_6-Dead_10-Alive_6-Dead_2-Alive_6-Dead_11-Alive_6"
"226","jazzsequence/recipe-box","Alive_2-Dead_5-Zombie_2-Dead_3-Alive_2-Dead_2-Alive_4-Dead_2-Alive_4-Dead_6-Alive_4-Dead_5-Zombie_4-Dead_10-Zombie_4-Dead_6-Alive_4-Dead_11-Alive_5-Dead_6-Alive_5-Dead"
"227","jazzsequence/wp-show-tracker","Alive_1-Zombie_3-Dead"
"228","jdmdigital/bootplate-shortcodes","Alive_1-Dead_2-Zombie_1-Dead_3-Zombie_1-Dead_2-Alive_1-Dead"
"229","jdmdigital/jdm-custom-cta","Alive_1-Zombie_1-Dead"
"230","jdmdigital/jdm-frontend-admin-buttons","Alive_4-Dead_4-Zombie_4-Alive_1-Dead_29-Alive_1-Dead_2-Alive_1-Dead"
"231","jessicahawkins3344/my-nav-module","Alive_2-Dead"
"232","jestevez/realia-santander-elavon","Alive_1-Dead"
"233","jglantonio/gitnotes","Alive_14-Dead_3-Alive_15-Dead_4-Alive_16-Dead_8-Alive_16-Dead"
"234","joel-james/lazy-load-for-comments","Alive_2-Dead_3-Alive_2-Dead_3-Alive_2-Zombie_1-Alive_1-Dead_2-Zombie_2-Dead_3-Alive_2-Zombie_1-Dead_2-Zombie_1-Dead_2-Zombie_1-Dead_6-Alive_1-Dead_3-Alive_2-Dead_2-Alive_3-Dead_3-Alive_3-Dead_6-Alive_3-Dead_5-Zombie_3-Alive_1-Zombie_1-Dead"
"235","joesz/exopite-responsive-touch-enabled-lightbox-wordpress-plugin","Alive_1-Dead_5-Alive_2-Dead_2-Alive_2-Dead_2-Alive_2-Dead_4-Alive_5-Dead_7-Alive_5-Dead_3-Alive_6-Dead_4-Alive_6-Dead_3-Alive_6-Dead_8-Alive_6-Dead"
"236","jojoee/black-ribbon","Alive_1-Dead_3-Alive_1-Dead_23-Zombie_1-Dead_12-Alive_1-Dead_8-Alive_1-Dead_4-Zombie_1-Dead_3-Zombie_1-Dead_2-Zombie_1-Dead_3-Zombie_1-Dead"
"237","jojoee/grayscale-body","Alive_1-Dead_12-Zombie_1-Dead_14-Zombie_1-Dead_12-Alive_1-Dead_8-Alive_1-Dead_4-Zombie_1-Dead_3-Zombie_1-Alive_1-Zombie_1-Alive_1-Dead_2-Zombie_1-Dead"
"238","jojoee/mobile-redirect-with-slug","Alive_1-Dead_2-Alive_1-Dead_21-Zombie_1-Dead_5-Zombie_1-Dead_20-Alive_1-Dead"
"239","joostdekeijzer/wp_export-media-with-content","Alive_2-Dead_12-Zombie_2-Dead_11-Alive_2-Dead_11-Alive_2-Dead_9-Alive_2-Dead_5-Alive_2-Dead_2-Alive_3-Dead_6-Alive_3-Dead_2-Zombie_3"
"240","joryhogeveen/off-canvas-sidebars","Alive_1-Dead_7-Alive_3-Zombie_1-Dead_2-Alive_1-Dead_3-Alive_3-Dead_2-Alive_10-Zombie_2-Alive_6-Zombie_3-Alive_3-Dead_2-Alive_3-Zombie_1-Alive_3-Zombie_2-Alive_1-Zombie_1-Alive_5-Zombie_1-Alive_1-Dead_2-Zombie_2-Alive_1-Dead_2-Alive_1-Zombie_1-Dead_2-Zombie_3-Alive_1"
"241","joryhogeveen/view-admin-as","Alive_1-Dead_2-Alive_1-Dead_2-Alive_30-Zombie_1-Alive_2-Dead_2-Alive_2-Dead_4-Alive_2-Dead_2-Alive_4-Zombie_1-Dead_2-Zombie_2-Alive_3-Dead_3-Alive_4-Dead_3-Zombie_4-Alive_3-Dead_2-Zombie_3-Dead"
"242","joryhogeveen/widget-subtitles","Alive_1-Dead_2-Alive_1-Dead_2-Alive_4-Zombie_1-Dead_2-Alive_3-Dead_2-Alive_6-Dead_7-Alive_8-Dead_4-Alive_8-Dead_8-Alive_9-Dead_2-Alive_9-Dead_5-Alive_9-Dead_5-Alive_10-Dead"
"243","josephfusco/wp-new-tab","Alive_1-Dead_3-Alive_2-Dead_15-Alive_2-Dead"
"244","josephfusco/wp-self-destruct","Alive_1-Dead_9-Alive_2-Dead_4-Alive_2-Dead_5-Alive_2-Dead_4-Alive_2-Dead_2-Zombie_2-Dead"
"245","joydipnath/custom-order-number-woo","Alive_2-Dead_30-Alive_2-Dead"
"246","joydipnath/woo-product-custom-field","Alive_1-Dead"
"247","jplhomer/taghound-media-tagger","Zombie_1-Alive_4-Dead_3-Alive_7-Dead_6-Alive_8-Dead_2-Alive_8-Zombie_1-Dead_7-Zombie_1-Dead_5-Zombie_1-Dead"
"248","jprieton/source-framework","Alive_12-Dead_2-Alive_12-Dead"
"249","justcoded/just-tinymce-custom-styles","Alive_2-Dead_7-Alive_2-Dead_4-Zombie_3-Dead_16-Alive_3-Dead_3-Zombie_3-Dead_17-Alive_3-Zombie_1-Dead"
"250","kaisermann/selene","Alive_18-Dead"
"251","kamalkhan/kk-star-ratings","Alive_1-Dead_2-Alive_1-Zombie_1-Alive_1-Zombie_1-Alive_1-Zombie_1-Alive_1-Zombie_3-Dead_2-Zombie_3-Alive_1-Zombie_1-Alive_2-Zombie_2-Alive_1-Zombie_4-Alive_1-Zombie_1-Alive_1-Zombie_6-Alive_1-Zombie_3-Alive_6-Zombie_1-Alive_3-Zombie_2-Dead_2-Zombie_3-Alive_1-Zombie_1-Dead_2-Zombie_1-Dead_2-Alive_2-Zombie_1-Dead_2-Alive_8"
"252","kero76/job-offer","Alive_4-Dead"
"253","kingkool68/wordpress-twitter-backerupper","Alive_1-Dead"
"254","knitkode/customize-plus-premium","Alive_1-Dead_12-Alive_1-Dead_2-Alive_1-Dead"
"255","knowthecode/wordpress-starter-plugin-lab","Alive_1-Dead_10-Alive_1-Dead_3-Alive_1-Dead_27-Alive_1-Dead"
"256","ko31/replace-protected-password","Alive_3-Dead_5-Alive_4-Dead_6-Alive_5-Dead_17-Alive_5-Dead_5-Alive_5-Dead_5-Alive_5-Dead_4-Alive_5-Dead"
"257","kontur/fontsampler-wordpress-plugin","Alive_15-Zombie_2-Alive_5-Zombie_1-Dead_2-Alive_1-Dead_2-Alive_1-Dead_3-Zombie_4-Dead_2-Zombie_6-Alive_1-Dead_2-Alive_1-Zombie_2-Alive_1-Dead_3-Alive_1-Zombie_5-Dead_2-Zombie_7-Alive_1-Zombie_3-Dead_3-Zombie_3"
"258","kossmos/news-feed","Alive_1-Dead_6-Alive_1-Dead_2-Alive_2-Zombie_1-Dead"
"259","l3lackcurtains/wordpress-loan-calculator-plugins","Alive_1-Dead"
"260","lazaryo/acf-random_color","Alive_1-Dead"
"261","leoloso/pop","Alive_3-Dead_2-Alive_18-Dead_2-Alive_18-Dead_2-Alive_18-Dead_3-Alive_18-Dead_2-Alive_29-Dead_2-Alive_29-Dead_8-Alive_29-Dead_3-Alive_39"
"262","leonstafford/wp2static","Alive_1-Zombie_1-Alive_4-Zombie_1-Dead_2-Zombie_4-Alive_3-Dead_2-Alive_19-Zombie_1-Alive_2-Zombie_1-Alive_18-Zombie_2-Alive_2"
"263","leopuleo/easy-panorama","Alive_2-Dead_3-Alive_2-Zombie_1-Dead_3-Alive_1-Dead_5-Alive_1-Dead_5-Alive_3-Dead_3-Alive_5-Zombie_1-Alive_1-Dead_3-Zombie_1-Dead_2-Zombie_1-Dead_2-Zombie_1-Dead"
"264","lesterchan/wp-instantarticles","Alive_3-Dead_8-Alive_3-Dead_24-Alive_3-Dead_10-Alive_3-Dead_5-Alive_3-Dead_2-Alive_3-Dead"
"265","lewiscowles1986/wordpresssvgplugin","Alive_1-Dead_2-Zombie_1-Dead_4-Alive_1-Dead_6-Alive_1-Dead_4-Alive_1-Dead_3-Alive_2-Zombie_2-Dead_2-Alive_2-Dead_24-Alive_2-Dead_3-Alive_2-Dead_7-Alive_2-Dead"
"266","lightspeeddevelopment/lsx-projects","Alive_2-Dead_3-Alive_3-Dead_3-Alive_3-Dead_4-Alive_4-Dead_3-Alive_9-Dead_2-Alive_10-Dead_5-Alive_11-Dead_2-Alive_14-Dead_6-Alive_15-Dead_2-Alive_30-Zombie_1"
"267","lightspeeddevelopment/tour-operator","Alive_7-Dead_2-Alive_8-Dead_4-Alive_11-Dead_2-Alive_12-Dead_2-Alive_13-Dead_2-Alive_15-Dead_3-Alive_15-Zombie_1-Alive_13-Dead_3-Alive_28"
"268","liip/wp-tyk-dev-portal","Alive_8-Dead_10-Zombie_9-Dead_16-Alive_9-Dead_9-Alive_9-Dead"
"269","litefeel/wp-github-sync-meta","Alive_1-Dead_9-Alive_1-Dead_10-Zombie_1-Dead"
"270","litespeedtech/lscache_wp","Alive_70"
"271","littlebirdjp/floating-top-link","Alive_2-Dead_7-Alive_3-Dead"
"272","littleblackbook/lbb-social","Alive_1-Dead"
"273","lmoffereins/bp-multiblog-mode","Alive_2-Zombie_1-Alive_1-Dead_15-Zombie_1-Dead"
"274","lmoffereins/bp-xprofile-field-activity","Alive_1-Dead"
"275","lmoffereins/contact-card","Alive_1-Dead"
"276","lmoffereins/edit-next-post","Alive_2-Dead"
"277","lmoffereins/featured-images","Alive_2-Dead_9-Zombie_2-Dead_21-Alive_2-Dead_28-Alive_2-Dead"
"278","lollum/lollum-page-builder","Alive_3-Dead_2-Alive_4-Dead"
"279","lonelyplanet/append-file-hash","Alive_1-Dead_4-Alive_1-Dead_16-Alive_1-Dead_2-Alive_1-Dead"
"280","lordvcs/bootstrap_multi_carousel","Alive_1-Dead"
"281","lorti/dominant-colors-lazy-loading-wordpress-plugin","Alive_5-Dead_2-Alive_7-Dead_6-Alive_7-Dead_5-Alive_8-Dead_11-Alive_9-Zombie_1-Dead_2-Alive_1-Dead"
"282","lostfocus/wp-advent","Alive_2-Dead_24-Alive_2-Zombie_1-Dead_2-Zombie_1-Dead_9-Zombie_2-Dead_11-Zombie_3-Dead"
"283","lq2-apostrophe/minit-cdn","Alive_1-Dead"
"284","lubusin/wordcamp-dashboard-widget","Alive_3-Zombie_1-Alive_3-Dead_2-Alive_3-Dead_2-Zombie_3-Dead_3-Alive_3-Dead"
"285","lukasbesch/find-post-by-password","Alive_1-Dead"
"286","lukecav/awesome-gravity-forms","Alive_36-Dead_2-Alive_43-Dead_2-Alive_60"
"287","lukemcdonald/wordpress-front-page-archives","Alive_1-Dead_8-Alive_1-Dead"
"288","mahdiyazdani/bs3-grid-builder","Alive_3-Dead_8-Alive_3-Dead"
"289","marcin-lawrowski/wise-chat","Alive_3-Dead_4-Alive_4-Zombie_2-Alive_1-Dead_2-Alive_1-Zombie_1-Dead_4-Zombie_1-Alive_2-Zombie_1-Alive_2-Zombie_1-Alive_1-Zombie_1-Dead_2-Alive_1-Dead_5-Zombie_1-Alive_4-Dead_2-Zombie_4-Dead_2-Zombie_5-Dead_2-Zombie_5-Alive_2-Dead_2-Zombie_3-Alive_1-Dead_2-Zombie_1-Alive_1-Dead_3-Alive_2-Zombie_1-Dead_2-Alive_2-Dead"
"290","masuqat-net/plugin-laverdaluno","Alive_1-Dead"
"291","matsuoshi/wp-postical","Alive_1-Dead_2-Alive_1-Dead_4-Alive_1-Dead_16-Alive_1-Dead"
"292","mattradford/online-scout-manager","Alive_1-Dead_9-Alive_1-Dead_9-Alive_1-Dead"
"293","max-kk/wp-foto-vote-dev-lib","Alive_7-Dead_2-Alive_7-Dead_2-Alive_7-Dead_2-Alive_13-Dead_2-Alive_16-Dead_4-Alive_19-Zombie_1-Dead_2-Alive_2-Dead_6-Alive_2-Dead_2-Zombie_2-Dead_3-Alive_2-Dead_2-Alive_3-Dead_9-Alive_3-Dead"
"294","mbordash/blobinator","Alive_2-Dead_3-Alive_3-Dead_8-Alive_3-Dead_27-Alive_3-Dead_3-Alive_3-Dead_2-Alive_3-Dead_11-Alive_3-Dead"
"295","mcnewstools/mcserverstatus-wordpresswidget","Alive_4-Dead_3-Alive_5-Dead_4-Alive_5-Zombie_1-Dead_9-Alive_3-Dead_2-Zombie_3-Dead_3-Alive_3-Dead_4-Alive_3-Dead_3-Alive_3-Dead_12-Zombie_3-Dead_13-Zombie_3"
"296","mdjmplugin/mobile-dj-manager","Alive_13-Zombie_1-Alive_5-Zombie_1-Alive_3-Dead_2-Alive_4-Dead_2-Alive_6-Dead_4-Zombie_8-Dead_2-Zombie_9-Dead_10-Alive_10-Dead_2-Alive_10-Dead_4-Alive_10-Dead_4-Alive_13-Dead_2-Zombie_13-Dead_3-Alive_13-Dead"
"297","mecachisenros/cf-civicrm","Alive_7-Zombie_1-Alive_4-Zombie_1-Alive_7-Dead_2-Alive_8-Zombie_2-Alive_22-Zombie_1-Alive_6-Zombie_1-Alive_4-Zombie_3-Dead_2-Zombie_3"
"298","mesh-research/hc-member-profiles","Alive_19-Dead_2-Alive_21-Dead_2-Alive_24-Dead_11-Alive_24-Dead_6-Zombie_24-Dead_3-Alive_24-Dead_4-Zombie_24-Dead_7-Zombie_24-Dead_3-Zombie_24-Dead_3-Alive_24-Dead"
"299","mesh-research/humanities-commons","Alive_23-Dead_2-Alive_23-Dead_5-Alive_24-Dead_3-Alive_24-Dead_2-Alive_24-Dead_3-Alive_25-Dead_2-Alive_29-Dead_6-Alive_29-Dead_5-Alive_29-Dead_5-Alive_31"
"300","michelem09/wassup","Alive_4-Dead_7-Alive_4-Dead_4-Alive_4-Zombie_1-Dead_2-Alive_2-Dead_5-Zombie_2-Dead_2-Zombie_2-Dead_15-Alive_5-Dead_11-Zombie_5-Dead"
"301","micz/wp-500px-jsgallery","Alive_1-Dead_7-Alive_2-Dead_4-Alive_3-Dead_3-Alive_3-Dead"
"302","mightyplugins/mighty-portfolio","Alive_1-Dead_5-Alive_3-Dead"
"303","mihdan/mihdan-excerpt-above-content","Alive_1-Dead_10-Alive_1-Dead"
"304","mihdan/mihdan-flexslider","Alive_1-Dead"
"305","mihdan/mihdan-swiper","Alive_1-Dead_24-Alive_1-Dead_9-Alive_1-Dead"
"306","miiitaka/wp-widget-extensions","Alive_1-Dead_2-Alive_2-Dead_2-Alive_15-Dead_2-Alive_17-Dead_2-Alive_17-Dead_3-Alive_17-Dead_2-Alive_17-Dead_3-Zombie_17-Dead_2-Alive_17-Zombie_1-Alive_1-Dead_2-Zombie_1-Dead_21-Alive_1-Zombie_1-Dead"
"307","mindctrl/jp-sticky-comments","Alive_1-Dead"
"308","mindkomm/svg2png","Alive_2-Dead"
"309","minnpost/deserialize-metadata","Alive_1-Dead_2-Alive_1-Zombie_1-Dead_3-Alive_2-Dead_3-Alive_2-Zombie_1-Dead_14-Alive_1-Dead"
"310","minnpost/object-sync-for-salesforce","Alive_47-Zombie_5-Alive_3-Dead_2-Alive_4-Zombie_1-Alive_3-Zombie_1-Alive_2"
"311","misfist/jacobin-core-functionality","Alive_2-Dead_2-Alive_12-Dead_2-Alive_14-Dead_2-Alive_15-Dead_3-Alive_15-Dead_5-Alive_16-Dead_15-Alive_16-Dead_5-Alive_16-Dead_2-Alive_17-Dead_2-Alive_19-Dead"
"312","misterunknown/wordpress-pagejumpadder","Alive_1-Dead"
"313","mitlibraries/wp-multisearch-widget","Alive_2-Dead_2-Alive_2-Dead_7-Alive_3-Dead_2-Alive_10-Dead_2-Alive_10-Dead_2-Alive_10-Dead_4-Alive_10-Dead_2-Alive_12-Dead_4-Alive_12-Dead_6-Alive_14-Dead_11-Alive_14-Dead_10-Alive_14-Dead"
"314","mixd/mixd-wp-plugin-boilerplate","Alive_1-Dead_3-Alive_1-Dead_10-Zombie_1-Dead_6-Zombie_1-Dead"
"315","mkykode/mka-add-mime-supports","Alive_1-Dead"
"316","mkykode/mka-add-page-excerpts","Alive_1-Dead"
"317","mkykode/mka-class-genesis-register-sidebar","Alive_1-Dead"
"318","mkykode/mka-enable-shortcodes-widget","Alive_1-Dead"
"319","mkykode/mka-quick-custom-posts","Alive_1-Dead"
"320","mkykode/mka-remove-wp-emoji","Alive_1-Dead"
"321","mkykode/mka-simple-slider","Alive_1-Dead_6-Alive_1-Dead"
"322","mlooft/multi-step-form","Alive_8-Dead_2-Alive_10-Zombie_1-Alive_3-Dead_2-Alive_4-Dead_2-Alive_8-Dead_2-Alive_9-Dead_2-Alive_16-Dead_8-Alive_17-Zombie_1-Dead_2-Alive_2-Dead_3-Zombie_2-Alive_1-Dead_2-Zombie_1-Alive_1-Zombie_1-Dead"
"323","mm-e1/wp-force-login","Alive_1-Dead"
"324","moeplayer/hermit-x","Alive_20-Zombie_2-Alive_4-Zombie_1-Alive_3-Zombie_1-Dead_2-Zombie_3-Dead_2-Alive_3-Zombie_2-Dead_3-Alive_2-Dead_2-Alive_2-Dead_2-Alive_2-Dead_2-Zombie_4-Dead_4-Alive_4-Zombie_1-Dead_3-Zombie_1-Dead_4-Zombie_1"
"325","mofsy/wc-robokassa","Alive_4-Dead_8-Alive_6-Dead_13-Alive_7-Dead_3-Alive_8-Dead_2-Alive_9-Dead_4-Alive_9-Dead_5-Alive_20-Dead_3-Alive_20-Dead_3-Alive_23-Dead"
"326","mofsy/wc-webmoney","Alive_2-Dead_2-Alive_2-Dead_10-Alive_2-Dead_9-Alive_2-Dead_4-Alive_2-Dead_7-Alive_2-Dead_11-Alive_3-Dead_2-Alive_4-Dead_15-Alive_4-Dead"
"327","mongoose-marketplace/facebook-page-feed-graph-api","Alive_1-Dead_2-Alive_6-Zombie_1-Alive_1-Dead_3-Alive_1-Zombie_1-Alive_2-Zombie_1-Alive_1-Zombie_1-Dead_2-Alive_1-Zombie_1-Alive_1-Dead_3-Alive_3-Dead_4-Alive_3-Dead_3-Alive_3-Dead_3-Alive_7-Dead_3-Alive_7-Dead_6-Alive_8-Zombie_1-Dead_2-Zombie_1-Dead_4-Alive_2-Dead_7-Alive_2-Dead"
"328","morganestes/post-updated-messages","Alive_2-Dead_22-Alive_2-Dead"
"329","motopress/mp-restaurant-menu","Alive_13-Dead_2-Alive_13-Dead_2-Alive_13-Dead_4-Alive_13-Dead_2-Alive_14-Dead_6-Alive_14-Dead_5-Alive_14-Dead_16-Alive_15-Dead_7-Alive_15-Dead_7-Alive_15-Dead_2-Alive_15"
"330","motopress/mp-timetable","Alive_14-Dead_4-Alive_14-Dead_9-Alive_14-Dead_4-Alive_15-Dead_5-Alive_16-Dead_2-Alive_16-Dead_3-Alive_16-Dead_2-Alive_16-Dead_3-Alive_19-Dead_7-Alive_19-Dead_2-Alive_20-Dead_4-Alive_23"
"331","motopress/mprm-menu-cart","Alive_2-Dead_2-Alive_2-Dead_9-Alive_2-Dead_29-Alive_2-Dead_2-Alive_2-Dead_7-Alive_2-Dead_7-Alive_2-Dead"
"332","mujahidi/acf-typography","Alive_1-Dead_8-Zombie_1-Alive_2-Dead_9-Alive_2-Dead_9-Alive_5-Dead_3-Zombie_5-Dead_3-Zombie_6-Dead_2-Alive_6-Zombie_1-Dead_2-Zombie_1-Dead_2-Zombie_1-Alive_1-Dead_7-Alive_1-Dead_2-Zombie_1-Alive_3-Dead"
"333","multinetinteractive/eduadmin-wordpress","Alive_51-Zombie_1-Alive_13-Zombie_2-Alive_1"
"334","my-language-skills/all-in-one-metadata","Alive_1-Dead_3-Alive_9-Dead_2-Alive_9-Dead_2-Alive_15-Dead_10-Alive_16-Dead"
"335","mypreview/woo-additional-terms","Alive_1-Dead_3-Zombie_1-Dead_6-Alive_1-Dead_27-Alive_2-Dead_3-Alive_6-Dead_4-Alive_6-Dead_5-Zombie_7-Dead_2-Zombie_7-Dead"
"336","mypreview/woo-store-vacation","Alive_1-Dead_2-Alive_1-Dead_2-Alive_1-Dead_5-Alive_1-Dead_3-Alive_1-Dead_8-Alive_1-Dead_16-Alive_10-Dead_3-Alive_11-Dead_2-Alive_11-Dead_2-Alive_11-Dead_2-Alive_13"
"337","n-molham/wp-plugins-boilerplate","Alive_1-Dead_2-Alive_1-Dead_13-Alive_2-Dead_21-Alive_2-Dead_6-Alive_2-Dead_6-Alive_3-Dead_3-Zombie_3-Alive_1-Dead_4-Zombie_1-Dead_3-Zombie_1-Dead_2-Zombie_1-Dead_3-Zombie_1-Dead"
"338","naihaishy/send-email","Alive_1-Dead_41-Alive_1-Dead"
"339","nanodesigns/nano-redirection","Alive_1-Dead"
"340","nanodesigns/nanosupport","Alive_9-Zombie_1-Alive_9-Dead_3-Alive_10-Dead_4-Alive_12-Zombie_1-Dead_2-Zombie_1-Alive_2-Dead_2-Zombie_2-Alive_3-Zombie_1-Alive_2-Dead_2-Alive_2-Dead_2-Zombie_3-Dead_4-Zombie_12-Dead_5-Zombie_14-Dead"
"341","nash-ye/wp-article-json-ld","Alive_1-Dead_32-Alive_1-Dead_9-Alive_1-Dead_6-Alive_1-Dead"
"342","nash-ye/wp-empty-alt-warning","Alive_1-Dead"
"343","nash-ye/wp-enforce-featured-image","Alive_1-Dead_5-Zombie_1-Dead_26-Alive_1-Dead"
"344","nash-ye/wp-reinstall-plugins","Alive_1-Dead_38-Alive_1-Dead"
"345","nash-ye/wp-reinstall-themes","Alive_1-Dead_40-Alive_1-Dead"
"346","nate-allen/peerraiser","Alive_5-Dead_4-Alive_14-Dead_2-Alive_16-Dead_3-Alive_16-Dead_23-Alive_17-Dead"
"347","naturalintelligence/wp-thumb-post","Alive_1-Dead_5-Alive_1-Dead_17-Zombie_1-Alive_1-Dead"
"348","netgloo/get-tweets-in-php","Alive_2-Dead_2-Alive_2-Dead_4-Alive_2-Dead"
"349","netzstrategen/wordpress-core-standards","Alive_2-Dead_2-Alive_2-Dead_4-Alive_2-Dead_6-Alive_9-Dead_3-Alive_9-Dead_3-Alive_9-Zombie_1-Alive_1-Dead_2-Alive_11-Dead_2-Alive_23-Dead_2-Alive_23-Dead_10-Alive_23"
"350","netzstrategen/wordpress-gallerya","Alive_6-Dead_4-Alive_6-Dead_2-Alive_16-Dead_3-Alive_16-Dead_3-Alive_17-Dead_2-Alive_19-Dead_4-Alive_20-Dead_3-Alive_26-Dead_2-Alive_32-Dead_3-Alive_34-Dead"
"351","netzstrategen/wordpress-publishing-importer","Alive_3-Dead_24-Alive_3-Dead"
"352","nevendyulgerov/wp_theme_options","Alive_4-Dead"
"353","nextpay-ir/wordpress-file-download-payment-gateway","Alive_1-Dead_7-Alive_1-Dead_25-Alive_1-Dead"
"354","nextpay-ir/wordpress-mycred-gateway-payment","Alive_2-Dead"
"355","nextpay-ir/wordpress-paid-downloads-payment-gateway","Alive_1-Dead_6-Alive_1-Dead_5-Alive_1-Dead"
"356","nextpay-ir/wordpress-woocommerce-nextpay-payment-gateway","Alive_4-Dead_4-Alive_4-Dead_27-Alive_4-Dead"
"357","nfe/woo-nfe","Alive_6-Dead_3-Alive_6-Dead_4-Alive_7-Dead_2-Zombie_7-Dead_6-Alive_10-Dead_2-Alive_10-Dead_4-Alive_10-Dead_22-Alive_11-Zombie_2-Alive_1-Zombie_3-Dead"
"358","nicholaskajoh/wp-energy-usage-calculator","Alive_2-Dead_2-Alive_2-Dead_6-Alive_2-Dead_19-Alive_2-Dead"
"359","nielslange/smntcs-adobe-typekit-fonts","Alive_1-Dead_2-Alive_1-Dead_15-Alive_1-Dead_5-Zombie_1-Dead_5-Alive_2-Dead_2-Alive_3-Dead_6-Alive_3-Dead"
"360","nielslange/smntcs-bootstrap-modal","Alive_1-Dead_5-Alive_1-Dead_15-Alive_1-Dead_10-Alive_2-Dead_2-Alive_2-Dead_2-Alive_2-Dead_4-Alive_2-Dead"
"361","nielslange/smntcs-disable-rest-api-user-endpoints","Alive_1-Dead_15-Alive_1-Dead_7-Alive_1-Dead_3-Alive_2-Dead_2-Alive_2-Dead_7-Alive_3-Dead_4-Alive_6-Zombie_2-Alive_1-Dead_2-Alive_2-Dead_2-Zombie_2-Alive_3-Dead"
"362","nielslange/smntcs-google-analytics","Alive_1-Dead_2-Alive_1-Dead_3-Alive_1-Dead_25-Alive_2-Dead_4-Alive_2-Dead_5-Alive_3-Dead_5-Zombie_3-Dead_5-Alive_3-Dead_2-Alive_3-Dead_4-Alive_3-Zombie_1-Alive_1-Dead_2-Zombie_2"
"363","nielslange/smntcs-google-webmaster-tools","Alive_1-Dead_2-Alive_1-Dead_3-Alive_1-Dead_15-Alive_1-Dead_10-Alive_1-Dead_5-Alive_1-Dead_5-Alive_1-Dead_5-Alive_2-Zombie_1-Dead_2-Zombie_2-Alive_11-Dead"
"364","nielslange/smntcs-pinterest-save-button","Alive_1-Dead_30-Alive_2-Dead_4-Alive_2-Dead_5-Alive_4-Dead_2-Alive_4-Dead_2-Alive_4-Dead_5-Alive_4-Dead_6-Alive_4-Dead_2-Zombie_4-Dead"
"365","nielslange/smntcs-shortcode-popup","Alive_1-Dead_31-Alive_1-Dead_4-Alive_1-Dead_5-Alive_1-Dead_6-Zombie_1-Dead"
"366","nielslange/smntcs-woocommerce-free-gift","Alive_1-Dead_31-Alive_1-Dead_4-Alive_1-Dead_5-Alive_1-Dead_5-Alive_2-Zombie_1-Alive_1-Zombie_2-Alive_1-Dead_2-Alive_1-Dead_3-Zombie_1-Alive_1-Zombie_2-Dead_2-Zombie_3"
"367","nirjharlo/complete-google-seo-scan","Alive_1-Dead_10-Zombie_1-Dead_9-Alive_2-Dead_18-Alive_2-Dead_13-Alive_2-Dead"
"368","nirmankarta/lifesupport","Alive_2-Dead_2-Alive_2-Dead"
"369","noplanman/wp-otp","Alive_3-Dead_2-Alive_3-Dead_3-Zombie_3-Alive_1-Dead_2-Zombie_2-Dead_7-Zombie_2-Dead_2-Alive_2-Dead_2-Alive_2-Dead_3-Alive_3-Dead_2-Alive_3-Dead_5-Alive_3-Dead_4-Alive_3-Dead_7-Alive_4-Dead_6-Alive_5-Dead"
"370","nstaeger/cms-plugin-framework","Alive_1-Dead_4-Alive_1-Dead_5-Zombie_1-Dead_2-Alive_1-Dead_5-Alive_1-Dead"
"371","nstaeger/wp-post-email-notification","Alive_1-Dead_2-Alive_3-Dead_7-Alive_3-Zombie_2-Dead_2-Alive_2-Zombie_1-Dead_4-Alive_1-Dead_5-Alive_1-Dead_3-Alive_1-Dead_4-Zombie_1-Dead_20-Zombie_2-Dead_11-Zombie_2-Dead"
"372","obstschale/bookmark-manager","Alive_1-Zombie_1-Dead_3-Zombie_1-Dead_10-Alive_1-Zombie_3-Dead_12-Zombie_4-Dead"
"373","ohar/wc-field-buy-price","Alive_2-Dead"
"374","ohar/wc-field-vendor-url","Alive_1-Dead_2-Alive_1-Dead"
"375","ohar/woocommerce_rrp","Alive_2-Dead"
"376","omacranger/wp-lazy-loaded-images","Alive_2-Dead_2-Alive_4-Dead_8-Alive_4-Dead_11-Alive_4-Dead_2-Alive_4-Dead_3-Alive_5-Dead"
"377","ondrejd/odwp-devhelper","Alive_1-Dead_7-Alive_3-Dead_11-Alive_3-Dead"
"378","oneall/social-login-wordpress","Alive_2-Dead_2-Alive_2-Dead_5-Alive_3-Dead_5-Alive_6-Dead_7-Alive_6-Dead_7-Alive_6-Dead_2-Alive_8-Dead_10-Alive_8-Dead_2-Alive_9-Dead_4-Alive_11-Dead"
"379","oneall/social-sharing-wordpress","Alive_4-Dead_4-Alive_4-Dead_2-Alive_4-Dead_2-Alive_4-Dead"
"380","orangelabweb/imagemagick-engine","Alive_1-Dead_23-Alive_1-Dead_16-Alive_1-Dead_2-Alive_3-Zombie_1-Alive_1-Zombie_1-Dead_4-Zombie_1-Dead_6-Zombie_1-Dead_2-Alive_2"
"381","ozzyczech/omlightbox","Alive_1-Dead_6-Alive_1-Dead_25-Alive_1-Dead"
"382","ozzyczech/omsociallogin","Alive_1-Dead_16-Alive_1-Dead_13-Alive_1-Dead"
"383","ozzyczech/omsuggestcontent","Alive_1-Dead"
"384","patrickrobrecht/extended-evaluation-for-statify","Alive_4-Dead_3-Alive_7-Dead_4-Zombie_7-Alive_2-Dead_3-Alive_2-Dead_2-Zombie_3-Dead_6-Alive_5-Dead_3-Alive_5-Zombie_1-Dead_5-Alive_1-Zombie_1-Dead_4-Alive_1-Dead_3-Zombie_1-Alive_1-Zombie_1-Dead_2-Alive_1-Dead_4-Alive_1-Dead_5-Alive_2"
"385","patrickrobrecht/posts-and-users-stats","Alive_1-Zombie_1-Dead_2-Alive_1-Dead_3-Alive_1-Dead_3-Alive_1-Dead_9-Alive_1-Dead_8-Alive_1-Dead_3-Alive_1-Dead_3-Alive_1-Dead_6-Alive_1-Dead_5-Alive_1-Dead_4-Alive_1-Dead_3-Alive_1-Dead_3-Zombie_1-Alive_1-Dead_5-Alive_1-Dead"
"386","petenelson/wp-rest-api-toolbox","Alive_1-Dead_5-Alive_1-Dead_2-Alive_4-Dead_2-Zombie_4-Dead_2-Alive_4-Dead_4-Alive_4-Dead_2-Zombie_5-Dead_11-Zombie_5-Dead_27-Alive_5-Zombie_1-Dead"
"387","petermann/masks-form-fields","Alive_2-Dead_8-Alive_2-Dead_3-Alive_2-Dead_8-Alive_2-Dead_11-Alive_2-Dead_14-Alive_2-Dead_9-Alive_2-Dead_2-Alive_3-Dead"
"388","petrozavodsky/bro_excerpt_length","Alive_1-Dead_16-Alive_1-Dead_5-Alive_1-Dead_3-Alive_1-Dead"
"389","picocodes/ajax-live-search","Alive_1-Dead_7-Zombie_1-Dead_6-Zombie_1-Dead_16-Alive_1-Dead"
"390","pie001/wordpressplugins","Alive_1-Dead_3-Alive_1-Dead_15-Alive_1-Dead"
"391","pierrechls/wc-min-max-quantities","Alive_1-Dead"
"392","pierrechls/wp-forms","Alive_1-Dead_36-Zombie_2-Dead"
"393","pierrechls/wp-types","Alive_1-Dead"
"394","pixelgrade/fonto","Alive_2-Dead_2-Zombie_3-Alive_1-Zombie_3-Dead_2-Zombie_3-Alive_1-Dead_3-Zombie_1-Alive_1-Zombie_1-Dead_8-Zombie_1-Alive_1-Dead_4-Alive_1-Dead_7-Alive_1-Dead_6-Alive_1-Dead_4-Alive_1-Dead_6-Zombie_1-Dead_6-Alive_1-Dead_2-Zombie_1-Alive_1-Dead_2-Zombie_1-Dead"
"395","pixelgrade/gridable","Alive_10-Zombie_1-Alive_1-Dead_2-Zombie_1-Dead_6-Alive_1-Dead_3-Alive_3-Zombie_1-Dead_3-Alive_3-Dead_2-Zombie_3-Dead_2-Alive_3-Dead_2-Zombie_3-Dead_2-Zombie_3-Dead_4-Zombie_3-Alive_1-Zombie_1-Dead_2-Zombie_2-Alive_1-Dead_3-Zombie_1-Dead_3-Zombie_3-Dead_3-Zombie_3-Dead"
"396","pixelspring/wordpressplugins","Alive_2-Dead"
"397","pods-framework/pods-elasticpress","Alive_1-Dead"
"398","provineet/vonage-systems","Alive_1-Dead"
"399","pschfr/wp-plugins","Alive_1-Dead_2-Alive_1-Dead_15-Alive_1-Dead"
"400","pyronaur/easy-photography-portfolio","Alive_9-Dead_2-Alive_11-Dead_2-Alive_13-Zombie_5-Dead_3-Alive_5-Dead_6-Zombie_5-Alive_1-Zombie_1-Dead_4-Alive_1-Zombie_1-Dead_3-Alive_2-Zombie_1-Dead_5-Zombie_1-Alive_2-Dead_2-Zombie_2-Dead_2-Alive_2-Zombie_1-Dead_2-Zombie_1-Dead_3-Zombie_1-Dead"
"401","r-a-y/unlisted","Alive_4-Dead_2-Alive_5-Dead_14-Alive_5-Dead_5-Alive_5-Dead_8-Zombie_5-Dead_4-Zombie_5-Dead_2-Zombie_5-Dead_19-Zombie_5-Dead"
"402","rafa-acioly/birthdate-celebrate","Alive_1-Dead_7-Alive_1-Dead_4-Zombie_1-Dead"
"403","rdlmda/hls-video-shortcode","Alive_1-Zombie_1-Dead_10-Zombie_1-Dead"
"404","reprostar/mpcl-wordpress","Alive_2-Dead_2-Alive_2-Dead_25-Alive_2-Dead"
"405","reubenlillie/manualmaker","Alive_1-Dead_7-Alive_3-Dead_3-Alive_3-Dead"
"406","robertshippey/ibd-events","Alive_2-Dead_3-Alive_5-Dead"
"407","rock-solid/wordpress-progressive-web-apps","Alive_1-Dead_8-Alive_6-Dead_6-Alive_9-Zombie_1-Dead_17-Alive_1-Dead"
"408","rocketchat/wordpressplugin","Alive_2-Zombie_1-Alive_2-Zombie_1-Alive_1-Dead_5-Zombie_1-Dead_2-Zombie_1-Dead_4-Zombie_1-Dead_4-Alive_1-Zombie_1-Dead_5-Alive_1-Dead_9-Alive_1-Dead_2-Alive_2-Dead_4-Zombie_2-Alive_1-Dead_2-Alive_2-Dead_4-Alive_2-Dead_3-Zombie_2-Dead_2-Alive_2-Dead_3-Alive_2-Dead_5-Zombie_2-Dead_2-Zombie_2-Dead"
"409","roots/wp-password-bcrypt","Alive_2-Dead_2-Alive_3-Zombie_1-Alive_1-Zombie_1-Alive_1-Dead_4-Alive_1-Zombie_1-Dead_6-Zombie_2-Dead_4-Zombie_2-Dead_3-Zombie_2-Dead_5-Zombie_2-Dead_4-Alive_3-Dead_2-Zombie_3-Dead_2-Alive_3-Dead_3-Zombie_3-Dead_14-Alive_3-Dead_5-Zombie_4-Dead_3-Alive_4"
"410","rrze-webteam/rrze-calendar","Alive_4-Dead_2-Alive_4-Dead_3-Alive_4-Dead_2-Alive_9-Dead_2-Alive_12-Zombie_1-Dead_3-Alive_2-Dead_2-Alive_2-Zombie_1-Dead_2-Zombie_1-Dead_2-Zombie_1-Dead_2-Alive_3-Dead_2-Alive_5-Dead_6-Alive_5-Dead_5-Alive_5-Dead_3-Alive_6-Dead_4-Zombie_6-Dead"
"411","s3rgiosan/wpnetscope","Alive_2-Dead_2-Alive_2-Dead_28-Alive_2-Dead"
"412","s3rgiosan/wpsmartlook","Alive_1-Dead_4-Alive_2-Dead_2-Alive_2-Dead_7-Zombie_2-Dead_19-Alive_2-Dead_27-Zombie_2-Dead_3-Zombie_2-Dead"
"413","saad-malik-codes/verifygsc","Alive_1-Dead_6-Alive_1-Dead_44-Alive_1-Dead"
"414","samjco/acf-php-vars","Alive_1-Dead_14-Alive_2-Dead_14-Zombie_2-Alive_1-Dead_8-Zombie_1-Dead"
"415","samperrow/pre-party-browser-hints","Alive_1-Dead_7-Alive_2-Dead_2-Alive_5-Dead_2-Alive_7-Dead_2-Alive_7-Dead_2-Alive_7-Dead_2-Alive_7-Dead_4-Alive_7-Dead_2-Alive_10-Dead_2-Alive_17-Dead_3-Alive_31"
"416","samsk/include-url","Alive_1-Dead_4-Alive_1-Dead_4-Alive_1-Dead_39-Alive_1-Dead"
"417","samsk/wp-datatable","Alive_2-Dead_2-Alive_3-Dead_6-Alive_3-Dead_4-Alive_3-Dead_5-Alive_3-Dead"
"418","satrya/smart-recent-posts-widget","Alive_4-Zombie_1-Dead_3-Alive_1-Dead_14-Alive_1-Dead_10-Alive_1-Dead_4-Alive_2-Dead_11-Alive_2-Dead_5-Alive_2-Dead_2-Alive_2-Dead"
"419","satwinderrathore/cmb2-radio-image","Alive_1-Zombie_1-Dead_5-Alive_1-Dead_7-Zombie_1-Dead_21-Zombie_1-Dead"
"420","seb86/attachment-slugs","Alive_1-Dead_3-Zombie_1-Dead_3-Zombie_1-Dead_8-Alive_1-Dead_6-Alive_2-Dead_11-Alive_2-Dead_2-Alive_2-Dead_2-Alive_2-Dead"
"421","seb86/woocommerce-subscription-shortcodes","Alive_2-Zombie_1-Dead_5-Zombie_3-Dead_4-Zombie_3-Dead"
"422","seedwebs/seed-fonts","Alive_2-Dead_2-Alive_2-Dead_2-Alive_2-Dead_2-Alive_2-Dead_4-Zombie_2-Dead_2-Alive_2-Dead_2-Zombie_2-Dead_3-Alive_2-Dead_10-Alive_2-Dead_2-Zombie_2-Dead_4-Alive_2-Dead_2-Alive_2-Dead_5-Alive_2-Dead_11-Alive_2-Dead_10-Alive_2-Dead_2-Alive_2"
"423","sehrgutesoftware/wp-site-plugin","Alive_1-Dead_2-Alive_1-Dead_9-Alive_1-Dead_7-Alive_1-Dead"
"424","severnbronies/severnbronies-plugins-2016","Alive_3-Dead_4-Alive_4-Dead"
"425","sformisano/jetrouter","Zombie_2-Dead_14-Alive_2-Dead_2-Alive_2-Dead_4-Alive_2-Dead_3-Zombie_3-Dead_2-Zombie_3-Dead_20-Alive_3-Dead_6-Zombie_3-Dead_4-Alive_3-Dead_4-Zombie_3"
"426","sgtpep/woocommerce-1c","Alive_3-Zombie_1-Dead_4-Alive_1-Dead_3-Alive_1-Zombie_1-Alive_1-Zombie_3-Alive_2-Zombie_2-Alive_1-Zombie_1-Dead_5-Zombie_1-Dead_3-Zombie_6-Alive_1-Dead_2-Alive_1-Zombie_1-Dead_2-Alive_1-Dead_2-Zombie_1-Dead_4-Alive_4-Zombie_1-Alive_7-Zombie_1-Dead_3-Alive_1-Zombie_1-Alive_2-Dead"
"427","shazic/loghorn","Alive_3-Dead_3-Alive_3-Dead"
"428","sidharthmenon/shareit-locker","Alive_1-Dead_5-Alive_1-Dead"
"429","singhleo/admin-menus-accessibility","Alive_3-Dead_14-Alive_3-Dead_4-Alive_3-Dead_5-Zombie_3-Dead"
"430","singleplatform-eng/wordpress-plugin","Alive_1-Dead_5-Alive_1-Dead_4-Alive_1-Dead_2-Alive_1-Dead"
"431","skaut/skautis-integration","Alive_1-Dead_15-Alive_12-Dead_5-Zombie_12-Dead_2-Zombie_12-Dead_2-Alive_12-Dead_4-Alive_12-Dead_5-Alive_13-Zombie_1-Dead_2-Zombie_1-Dead_4-Alive_2-Dead_5-Zombie_2-Alive_2-Zombie_1-Dead_4-Alive_3"
"432","skempin/simple-fading-testimonials-widget","Alive_2-Dead_2-Alive_2-Dead_3-Alive_2-Dead_6-Alive_3-Dead_23-Alive_3-Dead"
"433","skempin/url-stats-from-facebook","Alive_2-Dead_4-Alive_2-Dead_2-Alive_2-Dead_4-Alive_2-Dead_3-Alive_2-Dead_13-Alive_2-Dead"
"434","sketchbuch/sb_portfolio","Alive_1-Dead_9-Alive_1-Dead"
"435","sketchbuch/sb_subpages","Alive_1-Dead_2-Alive_1-Dead_2-Alive_1-Dead"
"436","snagshout/snagshout-wordpress","Alive_2-Dead_2-Alive_2-Dead"
"437","soberwp/intervention","Alive_1-Dead_2-Alive_6-Zombie_3-Alive_2-Dead_2-Alive_3-Dead_2-Alive_3-Dead_2-Zombie_4-Alive_4-Dead_2-Alive_5-Zombie_1-Dead_4-Zombie_1-Dead_3-Alive_1-Dead_2-Alive_2-Dead_2-Zombie_2-Dead_3-Zombie_3-Dead_2-Alive_6-Dead_2-Alive_15"
"438","speedyprem/wordpress","Alive_1-Dead_24-Alive_1-Dead_8-Alive_1-Dead_3-Alive_2-Dead_24-Alive_2"
"439","stayallive/wp-sentry","Alive_1-Dead_9-Alive_6-Zombie_1-Dead_2-Alive_1-Dead_2-Alive_6-Dead_2-Zombie_6-Dead_2-Alive_8-Dead_2-Zombie_8-Alive_2-Zombie_1-Alive_1-Zombie_1-Dead_2-Alive_3-Zombie_1-Alive_5-Dead_2-Alive_5-Zombie_1-Alive_5-Zombie_1-Alive_11-Zombie_1-Alive_1"
"440","stephenyeargin/wp-dark-sky-weather","Alive_1-Dead"
"441","stephenyeargin/wp-mytunes","Alive_1-Dead"
"442","stephenyeargin/wp-mytwitterstatus","Alive_1-Dead"
"443","stevegrunwell/advanced-post-excerpt","Alive_1-Dead_3-Zombie_1-Dead_10-Alive_1-Dead_19-Alive_1-Dead_2-Alive_1-Dead_13-Alive_16-Dead_2-Alive_18-Dead"
"444","stevegrunwell/mcavoy","Alive_2-Dead_11-Alive_2-Dead"
"445","stevegrunwell/schemify","Alive_2-Dead_5-Alive_3-Dead_7-Alive_7-Dead_2-Zombie_7-Dead_3-Zombie_7-Dead"
"446","stevegrunwell/wp404","Alive_1-Dead_18-Zombie_1-Dead"
"447","stklcode/statify-blacklist","Alive_1-Dead_2-Alive_1-Dead_2-Alive_1-Dead_6-Alive_4-Dead_2-Alive_8-Dead_2-Alive_8-Zombie_1-Dead_2-Zombie_1-Dead_2-Alive_2-Dead_2-Zombie_2-Dead_2-Alive_2-Dead_2-Alive_2-Dead_3-Alive_2-Dead_2-Alive_3-Dead_2-Alive_3-Dead_3-Alive_4-Dead_3-Alive_6-Zombie_1-Alive_1-Dead_3-Alive_1-Dead_2-Alive_1-Dead_3-Alive_1-Dead"
"448","strangerstudios/memberlite-shortcodes","Alive_7-Dead_3-Alive_8-Dead_8-Alive_8-Dead_3-Alive_8-Dead_2-Alive_10-Dead_3-Alive_14-Dead_6-Zombie_14-Alive_1-Dead_2-Alive_2-Dead_8-Alive_3-Dead_3-Alive_4-Dead_3-Alive_4-Dead_3-Alive_4-Dead_4-Zombie_4-Dead"
"449","straube/multiple-domain","Alive_2-Dead_4-Zombie_2-Dead_7-Zombie_3-Dead_2-Alive_4-Dead_2-Alive_4-Zombie_1-Dead_2-Alive_2-Zombie_1-Dead_2-Zombie_1-Alive_8-Dead_2-Zombie_11-Alive_1-Dead_2-Zombie_1-Alive_2-Dead_2-Alive_2-Dead_2-Zombie_2-Dead_2-Alive_2-Dead_2-Alive_2-Zombie_1-Dead_3-Alive_1-Dead_2-Alive_1-Dead"
"450","styladev/plugin-wordpress","Alive_2-Dead_3-Alive_3-Dead_4-Alive_5-Dead_9-Alive_5-Dead_4-Alive_5-Dead_3-Alive_5-Zombie_1-Alive_5-Dead_2-Alive_5-Dead_3-Alive_7-Dead"
"451","suifengtec/wp-responsive-tables","Alive_1-Dead"
"452","swissspidy/preferred-languages","Alive_1-Dead_10-Alive_1-Dead_4-Alive_2-Zombie_1-Dead_2-Zombie_1-Dead_6-Alive_1-Dead_2-Alive_2-Zombie_2-Alive_3-Dead_4-Alive_27-Zombie_2-Alive_1"
"453","sybrew/the-seo-framework-extension-manager","Alive_15-Dead_2-Alive_23-Dead_2-Alive_23-Dead_2-Alive_26-Zombie_1-Alive_1-Dead_2-Alive_4-Zombie_1-Alive_3-Zombie_2-Alive_1-Zombie_1-Alive_2-Dead_2-Alive_2-Zombie_1-Alive_2-Dead_2-Alive_3-Dead_4-Zombie_5-Dead_2-Alive_5"
"454","szelpe/woocommerce-barion","Alive_2-Dead_3-Zombie_2-Alive_1-Zombie_1-Alive_2-Dead_2-Alive_2-Dead_8-Zombie_2-Alive_1-Dead_3-Zombie_1-Alive_2-Zombie_1-Dead_2-Alive_1-Dead_4-Zombie_1-Alive_1-Dead_3-Alive_3-Dead_2-Zombie_3-Alive_2-Dead_2-Alive_3-Dead_2-Zombie_3-Alive_1-Dead_3-Alive_1-Zombie_1-Dead_3-Zombie_2-Alive_1-Zombie_5-Dead_2-Zombie_5-Alive_2"
"455","taniot/old-gravityforms-to-mailup","Alive_1-Zombie_3-Dead_2-Alive_4-Zombie_1-Dead_3-Zombie_1-Dead_8-Alive_1-Dead_2-Alive_1-Dead_5-Alive_1-Dead_31-Alive_2-Dead"
"456","tarosky/tscf","Alive_2-Dead_3-Alive_4-Dead_2-Alive_4-Dead_7-Alive_6-Dead_3-Alive_7-Dead_4-Alive_8-Dead_3-Alive_8-Zombie_1-Dead_36-Zombie_1-Dead"
"457","teamgate/wordpress-plugin","Alive_2-Dead"
"458","techies23/video-conference-zoom","Alive_1-Dead_2-Alive_2-Dead_4-Alive_2-Dead_3-Alive_2-Dead_5-Alive_2-Dead_11-Alive_2-Dead_5-Alive_3-Dead_2-Alive_3-Dead_5-Alive_3-Dead_5-Alive_4-Dead_2-Alive_24"
"459","tectonic/sso-awardforce-wordpress","Alive_3-Dead_15-Alive_3-Dead_30-Alive_3-Dead_2-Alive_3-Dead_3-Alive_4-Dead_6-Alive_5-Dead"
"460","thebrandonallen/wp-fail2ban-redux","Alive_2-Zombie_1-Alive_2-Dead_2-Zombie_2-Alive_2-Dead_2-Alive_4-Dead_2-Alive_4-Zombie_1-Alive_1-Zombie_1-Dead_2-Alive_1-Dead_9-Alive_1-Zombie_1-Dead_3-Alive_1-Zombie_1-Dead_6-Alive_1-Dead_4-Zombie_2-Dead_4-Alive_3-Dead_5-Zombie_3-Alive_1-Dead_4-Alive_2-Zombie_1-Alive_1-Dead"
"461","thefrosty/wp-featured-image-column","Alive_1-Dead_17-Alive_1-Dead_13-Alive_1-Dead"
"462","themarcusbattle/press-sync","Alive_1-Dead_11-Alive_3-Dead_6-Alive_5-Zombie_1-Dead_30-Zombie_1-Dead_7-Zombie_1-Dead"
"463","thewebsitedev/twd-mce-button","Alive_2-Dead_7-Zombie_2-Alive_1-Dead_6-Zombie_1-Dead_3-Alive_1-Dead_4-Alive_1-Dead"
"464","thewirelessguy/advanced-custom-menu-widget","Alive_1-Dead"
"465","thoughtsideas/ti-security","Alive_2-Dead_9-Alive_3-Dead_52-Alive_3-Dead"
"466","thoughtsideas/ti-subtitle","Alive_1-Dead"
"467","thoughtsideas/ti-wordpress-seo","Alive_1-Dead_3-Alive_1-Dead_2-Alive_1-Dead_29-Alive_1-Dead"
"468","tillkruss/email-encoder","Alive_1-Dead_13-Alive_5-Dead_6-Alive_11-Dead_2-Alive_12-Dead_2-Zombie_12-Alive_2-Zombie_1-Dead_4-Alive_2-Dead_2-Alive_2-Dead_4-Alive_2-Dead_4-Alive_2-Dead_4-Alive_2-Dead"
"469","topdown/eproject-wp-remote","Alive_1-Dead"
"470","tottaz/wp-custom-category-images","Alive_1-Dead"
"471","tottaz/wp-thor-url-shortener","Alive_1-Dead_6-Alive_2-Dead_8-Alive_2-Dead_20-Alive_2-Dead"
"472","tpay-com/tpay-woocommerce-2","Alive_1-Dead_11-Alive_2-Dead_2-Alive_2-Dead_7-Alive_2-Dead_2-Alive_2-Dead_9-Alive_2-Dead_11-Alive_2-Dead"
"473","typisttech/remove-medium-cross-links","Alive_1-Dead_2-Alive_2-Dead_3-Alive_2-Dead_7-Alive_2-Dead_34-Zombie_2-Dead_5-Zombie_2-Dead"
"474","ucf/ucf-colleges-tax-plugin","Alive_1-Dead_3-Alive_1-Dead_4-Alive_1-Dead_2-Zombie_1-Dead_4-Alive_1-Dead"
"475","ucf/ucf-degree-cpt-plugin","Alive_2-Dead_2-Alive_2-Zombie_1-Alive_1-Dead_2-Alive_3-Dead_2-Alive_7-Dead_2-Alive_10-Dead_2-Alive_15-Zombie_1-Dead_3-Zombie_1-Alive_1-Dead_3-Zombie_1-Dead_2-Alive_2-Dead_4-Alive_2-Zombie_1-Dead_2-Alive_3-Zombie_3-Dead_3-Zombie_5-Dead_2-Zombie_5-Dead"
"476","ucf/ucf-degree-search-plugin","Alive_2-Dead_2-Alive_3-Dead_3-Alive_4-Zombie_3-Alive_2-Dead_2-Zombie_2-Alive_3-Dead_3-Alive_7-Dead_9-Zombie_7-Dead_7-Alive_8-Dead_7-Zombie_8-Alive_2-Dead_3-Zombie_3-Dead_2-Zombie_3-Dead"
"477","ucf/ucf-events-plugin","Alive_1-Dead_4-Zombie_1-Alive_1-Dead_2-Alive_2-Dead_2-Alive_6-Dead_2-Alive_6-Dead_4-Alive_7-Dead_4-Zombie_7-Dead_8-Alive_7-Dead_14-Zombie_7-Dead_9-Zombie_7-Dead"
"478","ucf/ucf-footer-plugin","Alive_2-Dead_2-Alive_3-Dead_3-Zombie_3-Dead_2-Alive_3-Dead_2-Zombie_3-Dead_4-Alive_3-Zombie_1-Dead_2-Alive_1-Zombie_1-Dead_8-Zombie_1-Dead_14-Zombie_1-Alive_1-Dead_2-Zombie_1-Dead_5-Zombie_1-Alive_1-Dead_2-Zombie_1-Dead_2-Zombie_2-Dead_2-Zombie_2-Dead"
"479","ucf/ucf-header-plugin","Alive_1-Dead_6-Zombie_1-Dead_3-Alive_1-Dead_11-Zombie_2-Dead_31-Alive_2-Dead"
"480","ucf/ucf-news-plugin","Alive_6-Zombie_1-Dead_2-Alive_4-Dead_3-Alive_4-Dead_3-Alive_4-Dead_2-Zombie_4-Alive_1-Dead_2-Alive_1-Zombie_1-Dead_2-Alive_1-Dead_6-Alive_1-Zombie_1-Alive_1-Dead_5-Zombie_1-Dead_4-Alive_1-Dead_2-Alive_1-Dead_2-Zombie_1-Dead_5-Zombie_1-Dead_2-Alive_2-Dead_2-Zombie_2-Alive_1-Dead_2-Zombie_1-Dead_2-Alive_1"
"481","ucf/ucf-rest-menus","Alive_1-Dead_28-Alive_1-Dead_5-Alive_1-Dead_6-Alive_1-Dead_21-Alive_1-Dead"
"482","udx/wp-github-wiki","Alive_1-Dead_15-Alive_1-Dead_2-Alive_1-Dead"
"483","udx/wp-rets-client","Alive_26-Dead_2-Alive_26-Dead_3-Alive_26-Dead_3-Alive_26-Dead_21-Zombie_26-Dead"
"484","ufclas/ufclas-myit","Alive_2-Dead_8-Alive_2-Dead"
"485","usmanaliqureshi/server-info","Alive_1-Dead_3-Alive_1-Dead_9-Alive_1-Dead_3-Alive_7-Dead_8-Alive_7-Dead_3-Alive_8-Dead_3-Alive_8-Dead_2-Zombie_8-Dead_4-Alive_8-Dead_24-Alive_8"
"486","uusweb-ee/ws-contact-form","Alive_1-Dead_12-Alive_2-Dead"
"487","uusweb-ee/ws-force-login-page","Alive_1-Dead_13-Alive_2-Dead"
"488","valeriu/analytics-tracker","Alive_1-Dead_2-Alive_3-Dead_2-Alive_3-Dead_2-Alive_3-Dead_3-Alive_3-Dead_5-Alive_3-Dead_8-Alive_3-Dead_3-Alive_3-Dead_12-Alive_3-Dead_25-Alive_3-Dead"
"489","varunsridharan/wc-product-subtitle","Alive_1-Zombie_1-Dead_3-Zombie_1-Alive_1-Dead_6-Zombie_1-Dead_5-Alive_1-Zombie_1-Dead_3-Zombie_1-Dead_2-Zombie_2-Dead_3-Zombie_3-Dead_11-Zombie_3-Dead_2-Alive_7-Dead_2-Zombie_7-Alive_1-Dead_2-Zombie_1-Dead_2-Alive_1-Zombie_1-Alive_2-Dead_2-Alive_3-Zombie_2-Dead_3-Alive_2-Dead_3-Zombie_2-Dead"
"490","viclafouch/wp_informations","Alive_1-Dead_6-Alive_1-Dead_11-Alive_1-Dead"
"491","vikas5914/woo-atom-payment-gateway","Alive_3-Dead_31-Zombie_3-Dead"
"492","viper007bond/vipers-video-quicktags-migrator","Alive_2-Dead_2-Alive_3-Dead_19-Alive_3-Dead_12-Alive_3-Dead"
"493","vr51/wp-favorite-posts","Alive_1-Dead_2-Alive_1-Dead_7-Alive_2-Dead_3-Alive_3-Dead_11-Alive_3-Dead_3-Zombie_3-Alive_3-Dead_6-Alive_3-Zombie_3-Dead_3-Zombie_3-Dead_5-Zombie_6-Dead_3-Zombie_6-Dead_9-Zombie_6-Dead_2-Zombie_7-Dead"
"494","wearerequired/custom-menu-item-types","Alive_4-Dead_9-Zombie_4-Dead_7-Alive_4-Dead_10-Alive_4-Dead_17-Zombie_4-Alive_1-Dead_11-Alive_1-Dead"
"495","wearerequired/custom-meta-boxes-mu-loader","Alive_1-Dead_2-Alive_1-Zombie_1-Dead_2-Alive_2-Dead_6-Alive_2-Dead_2-Alive_2-Dead"
"496","wearerequired/register-default-theme-directory","Alive_1-Dead_2-Alive_2-Dead_2-Alive_2-Dead_8-Alive_2-Dead_19-Zombie_2-Dead"
"497","wearerequired/rest-likes","Alive_3-Dead_2-Alive_4-Dead_2-Alive_4-Zombie_1-Dead_2-Zombie_1-Alive_4-Dead_2-Alive_6-Dead_2-Alive_7-Dead_2-Alive_8-Dead_2-Alive_9-Dead_2-Alive_10-Dead_3-Alive_10-Dead_5-Alive_14-Dead_2-Alive_16-Dead_2-Zombie_16-Dead_2-Alive_17-Dead_2-Alive_19-Dead_3-Zombie_19-Dead"
"498","wearerequired/wp-requirements-check","Alive_2-Zombie_1-Dead_7-Zombie_1-Dead_3-Alive_1-Dead_5-Alive_1-Dead_3-Zombie_2-Dead_2-Alive_2-Zombie_1-Dead_2-Alive_1-Dead_2-Alive_2-Dead_5-Alive_2-Dead_21-Zombie_2-Dead"
"499","webberzone/top-10-fast-tracker","Alive_1-Dead_42-Alive_1-Dead_9-Alive_1-Dead"
"500","webdesignermall/wordpress-udemy-code-snippets","Alive_1-Dead_23-Alive_1-Dead"
"501","webdevstudios/constant-contact-forms","Alive_16-Dead_2-Alive_21-Dead_2-Alive_24-Dead_2-Alive_32-Dead_2-Alive_58"
"502","webmandesign/rename-taxonomies","Alive_1-Dead_38-Alive_1-Dead"
"503","webmandesign/rtl-tester-mirror","Alive_1-Dead"
"504","webmandesign/webman-templates","Alive_2-Dead_5-Alive_3-Dead_3-Alive_3-Dead_13-Alive_3-Dead"
"505","webvitalii/filenames-to-latin","Alive_2-Dead_2-Alive_2-Dead_2-Alive_2-Dead_2-Alive_3-Dead_2-Zombie_3-Alive_1-Zombie_1-Dead_10-Zombie_1-Dead_10-Alive_1-Dead_8-Alive_1-Dead_13-Alive_1-Dead"
"506","webvitalii/sitekit","Alive_2-Dead_2-Zombie_2-Alive_1-Zombie_1-Alive_4-Dead_2-Zombie_4-Dead_11-Alive_5-Dead"
"507","wedevelopmx/packtospain","Alive_1-Dead"
"508","widgetoptions/widget-options","Alive_2-Dead_2-Alive_3-Dead_2-Zombie_3-Dead_2-Alive_4-Zombie_1-Alive_3-Dead_2-Zombie_3-Alive_7-Dead_2-Alive_8-Dead_2-Zombie_9-Alive_2-Zombie_1-Alive_1-Zombie_1-Alive_1-Zombie_2-Alive_2-Zombie_4-Dead_2-Zombie_4-Alive_1-Zombie_1-Dead_2-Zombie_1-Alive_1-Zombie_1-Alive_2-Zombie_1-Dead_2-Zombie_1-Dead_2-Zombie_2-Dead_3-Zombie_2-Alive_2-Dead_2-Alive_2-Zombie_1-Dead"
"509","willi-dev/vc_extender","Alive_1-Dead"
"510","wnet-ieg-2/pbs-passport-authenticate","Alive_4-Dead_2-Alive_5-Dead_3-Alive_8-Dead_2-Alive_8-Dead_2-Alive_8-Dead_2-Alive_13-Dead_3-Alive_13-Zombie_1-Alive_3-Dead_2-Alive_3-Dead_5-Alive_6-Dead_4-Alive_8-Dead_3-Alive_9-Dead_2-Alive_10-Dead_10-Alive_14-Dead"
"511","wordpress-phoenix/abstract-plugin-base","Alive_5-Dead_3-Alive_6-Dead_2-Alive_6-Dead_4-Alive_8-Dead_2-Alive_8-Dead_8-Alive_8-Dead_4-Alive_8-Dead_4-Alive_8-Dead_6-Alive_8-Dead_7-Alive_8-Dead"
"512","wordpress-phoenix/merge-migration-tool","Alive_1-Dead_2-Alive_8-Dead_3-Alive_8-Dead"
"513","wordpress-phoenix/wordpress-image-crate","Alive_1-Dead_2-Alive_10-Dead_3-Alive_10-Dead_4-Alive_10-Dead"
"514","wordpress/wordpress-importer","Alive_2-Dead_5-Alive_5-Dead_3-Alive_6-Dead_2-Alive_7-Zombie_1-Alive_2-Zombie_1-Alive_2-Zombie_3-Dead_3-Alive_3-Zombie_1-Alive_2-Dead_2-Zombie_2-Dead_2-Alive_2-Dead_2-Zombie_2-Alive_2-Zombie_1-Dead_2-Alive_1-Zombie_1-Alive_2-Dead_3-Alive_4-Dead_2-Alive_4-Zombie_1-Alive_2-Zombie_4-Alive_1-Zombie_1-Alive_1"
"515","wp-graphql/wp-graphql","Alive_60"
"516","wp-media/wp-rocket","Alive_70"
"517","wpengine/phpcompat","Alive_1-Dead_5-Alive_3-Zombie_1-Alive_5-Zombie_2-Alive_1-Zombie_1-Alive_2-Zombie_1-Alive_4-Zombie_5-Alive_4-Zombie_1-Alive_3-Zombie_1-Alive_4-Zombie_3-Alive_1-Zombie_2-Alive_3-Zombie_6-Dead_2-Zombie_9-Dead_2-Alive_9-Zombie_1-Dead_2-Alive_2"
"518","wpmetabox/mb-rest-api","Alive_1-Dead_5-Alive_6-Zombie_1-Dead_12-Alive_1-Dead_2-Alive_1-Dead_3-Alive_2-Zombie_1-Dead_3-Alive_1-Dead_2-Alive_2-Dead_2-Alive_2-Dead_2-Alive_4-Dead_14-Zombie_4-Dead"
"519","wpscholar-wp-plugins/mpress-custom-front-page","Alive_1-Dead_3-Alive_1-Dead_32-Alive_1-Dead_11-Alive_1-Dead_3-Zombie_1-Alive_1-Dead_4-Alive_1-Dead_3-Zombie_1-Dead_2-Zombie_1-Dead_2-Zombie_1-Dead"
"520","wpshopify/wp-shopify","Alive_12-Dead_2-Zombie_12-Alive_7-Dead_3-Zombie_7-Dead_2-Zombie_9-Dead_5-Zombie_10-Dead_2-Zombie_13-Dead_2-Zombie_13-Dead_2-Zombie_14-Dead_2-Zombie_14-Dead_5-Zombie_14-Dead"
"521","wptt/theme-sniffer","Alive_8-Zombie_1-Dead_2-Alive_5-Dead_2-Zombie_5-Alive_3-Dead_2-Zombie_3-Alive_2-Dead_2-Alive_11-Dead_2-Zombie_11-Alive_3-Zombie_2-Alive_1-Zombie_2-Alive_1-Dead_3-Zombie_2-Dead_2-Zombie_3-Alive_1-Zombie_1-Alive_1-Zombie_1-Dead_2-Alive_1"
"522","wpup/content-menu","Alive_1-Dead_2-Alive_2-Dead_34-Alive_2-Dead"
"523","wpzoo/flexbox-grid","Alive_3-Dead_5-Zombie_3-Dead_2-Zombie_3-Dead"
"524","wxsms/baidu-submit-for-wordpress","Alive_2-Dead"
"525","xunhuweb/weixin-payments-for-woocommerce","Alive_2-Dead_4-Alive_2-Dead_2-Alive_3-Dead_5-Alive_4-Dead_2-Alive_4-Dead"
"526","xunhuweb/xunhu-alipay-payment-for-woocommerce","Alive_4-Dead_3-Alive_4-Dead"
"527","xunhuweb/xunhu-wechat-payment-for-woocommerce","Alive_4-Dead_3-Alive_4-Dead"
"528","xylusthemes/wp-bulk-delete","Alive_1-Dead_10-Alive_1-Dead_2-Alive_1-Dead_24-Alive_1-Dead_5-Alive_1-Dead_4-Alive_1-Dead_3-Alive_2-Dead_2-Alive_2-Dead_2-Alive_2-Dead_3-Zombie_2-Alive_1-Dead"
"529","yeswework/fabrica-dev-kit","Alive_3-Dead_3-Alive_4-Dead_2-Alive_5-Dead_3-Alive_17-Dead_3-Zombie_17-Alive_4-Dead_2-Alive_4-Dead_4-Alive_4-Dead_2-Alive_4-Zombie_1-Dead_2-Alive_3-Dead_2-Alive_3-Dead_3-Alive_6-Dead_2-Zombie_6-Dead_3-Alive_7-Zombie_1-Dead_3-Zombie_1-Dead_2-Zombie_1-Dead"
"530","yoanmarchal/address-plugin","Alive_1-Zombie_1-Dead_19-Alive_1-Dead_8-Alive_1-Dead_23-Alive_1-Dead_5-Alive_1-Dead_2-Zombie_1-Dead"
"531","yoanmarchal/faq-plugin","Alive_1-Dead_2-Alive_1-Dead_9-Alive_1-Dead_42-Alive_1-Dead_5-Alive_1-Dead_2-Zombie_1-Dead"
"532","yoanmarchal/map-plugin","Alive_1-Dead_9-Alive_1-Dead_17-Alive_1-Dead_4-Alive_1-Dead_23-Alive_1-Dead_5-Alive_1-Dead_2-Zombie_1-Dead"
"533","yoanmarchal/partenaires","Alive_1-Dead_29-Alive_1-Dead_24-Alive_1-Dead"
"534","yoanmarchal/social-link-plugin","Alive_1-Dead_2-Alive_1-Dead_20-Alive_1-Dead_4-Alive_2-Dead_26-Alive_2-Dead_5-Alive_2-Dead_2-Zombie_2-Dead"
"535","yoast/yoast-acf-analysis","Alive_3-Zombie_1-Alive_2-Zombie_1-Alive_1-Zombie_5-Dead_3-Zombie_5-Alive_11-Zombie_1-Alive_10-Zombie_1-Alive_3-Dead_2-Alive_20-Zombie_1-Alive_1-Dead_2-Alive_1-Zombie_1-Alive_1-Dead_2-Alive_1-Zombie_1"
"536","yoquieroayudar/wordpress-plugin-yoquieroayudar","Alive_1-Dead"
"537","yossiaharon/wptimize","Alive_1-Dead_3-Alive_1-Dead_3-Alive_1-Dead"
"538","zdevelopers/zcraft-site-theme","Alive_2-Dead_2-Alive_2-Dead_6-Alive_4-Dead_3-Alive_4-Dead_26-Alive_4-Dead_12-Alive_4-Dead"
"539","ze3kr/full-site-cache-for-keycdn","Alive_1-Dead_3-Alive_1-Dead_5-Alive_1-Dead"
"540","zentala/woocommerce-getresponse-sync","Alive_2-Dead_6-Alive_2-Dead_43-Alive_2-Dead"